index,N,E_kWh,T_s,B_sorties,C_sorties,patterns
1,8.0,18.872556387211368,15684.877320304502,8.0,0.0,P00284:4;P00291:2;P00307:1;P00326:1
2,7.0,16.6584423163676,13784.26765526644,7.0,0.0,P00284:4;P00291:2;P00349:1
3,7.0,16.665236277115465,13784.267655266438,7.0,0.0,P00284:4;P00291:1;P00307:1;P00335:1
4,7.0,16.693216076539752,13784.267655266438,7.0,0.0,P00284:4;P00291:1;P00314:1;P00326:1
5,6.0,16.808956446362043,12041.226036289574,5.0,1.0,P00284:4;P00291:1;P00355:1
6,7.0,16.713209947872638,13784.267655266438,7.0,0.0,P00284:4;P00300:1;P00307:1;P00326:1
7,6.0,14.49909587702887,11883.657990228376,6.0,0.0,P00284:4;P00300:1;P00349:1
8,6.0,14.539832343224488,11883.657990228376,6.0,0.0,P00284:4;P00307:1;P00342:1
9,6.0,14.48589596644385,11883.657990228376,6.0,0.0,P00284:4;P00314:1;P00335:1
10,6.0,16.821842877807853,12041.226036289574,5.0,1.0,P00284:4;P00320:1;P00326:1
11,5.0,14.61438197605143,10146.616371251512,4.0,1.0,P00284:4;P00360:1
12,7.0,16.689129418819007,13784.267655266438,7.0,0.0,P00284:3;P00291:2;P00307:1;P00329:1
13,7.0,16.74560928884464,13784.267655266438,7.0,0.0,P00284:3;P00291:2;P00309:1;P00326:1
14,6.0,16.78768833509889,12041.226036289574,5.0,1.0,P00284:3;P00291:2;P00351:1
15,7.0,16.78828407736652,13784.267655266438,7.0,0.0,P00284:3;P00291:1;P00294:1;P00307:1;P00326:1
16,6.0,14.57417000652275,11883.657990228376,6.0,0.0,P00284:3;P00291:1;P00294:1;P00349:1
17,6.0,14.656761539327233,11883.657990228376,6.0,0.0,P00284:3;P00291:1;P00307:1;P00337:1
18,6.0,14.538289178748737,11883.657990228376,6.0,0.0,P00284:3;P00291:1;P00309:1;P00335:1
19,6.0,14.509789108147391,11883.657990228376,6.0,0.0,P00284:3;P00291:1;P00314:1;P00329:1
20,6.0,16.81501350742225,12041.226036289574,5.0,1.0,P00284:3;P00291:1;P00316:1;P00326:1
21,5.0,14.616817810189476,10146.616371251512,4.0,1.0,P00284:3;P00291:1;P00356:1
22,6.0,14.580963967270618,11883.657990228377,6.0,0.0,P00284:3;P00294:1;P00307:1;P00335:1
23,6.0,14.608943766694903,11883.657990228376,6.0,0.0,P00284:3;P00294:1;P00314:1;P00326:1
24,5.0,14.724684136517194,10140.616371251512,4.0,1.0,P00284:3;P00294:1;P00355:1
25,6.0,14.529782979480276,11883.657990228377,6.0,0.0,P00284:3;P00300:1;P00307:1;P00329:1
26,6.0,14.586262849505909,11883.657990228376,6.0,0.0,P00284:3;P00300:1;P00309:1;P00326:1
27,5.0,14.628341895760155,10140.616371251512,4.0,1.0,P00284:3;P00300:1;P00351:1
28,6.0,16.826189320390014,12041.226036289574,5.0,1.0,P00284:3;P00302:1;P00307:1;P00326:1
29,5.0,14.612075249546248,10140.616371251512,4.0,1.0,P00284:3;P00302:1;P00349:1
30,5.0,14.631358907494956,10146.616371251512,4.0,1.0,P00284:3;P00307:1;P00344:1
31,5.0,12.412885244857758,9983.048325190313,5.0,0.0,P00284:3;P00309:1;P00342:1
32,5.0,12.477421228655617,9983.048325190313,5.0,0.0,P00284:3;P00314:1;P00337:1
33,5.0,14.607693397326349,10140.616371251512,4.0,1.0,P00284:3;P00316:1;P00335:1
34,5.0,14.63841590941549,10140.616371251512,4.0,1.0,P00284:3;P00320:1;P00329:1
35,5.0,14.666164413694535,10146.616371251512,4.0,1.0,P00284:3;P00321:1;P00326:1
36,4.0,12.482560603087974,8252.00670621345,3.0,1.0,P00284:3;P00361:1
37,7.0,16.960590037991146,13784.267655266438,7.0,0.0,P00284:2;P00286:1;P00291:2;P00307:1;P00326:1
38,6.0,14.74647596714738,11883.657990228376,6.0,0.0,P00284:2;P00286:1;P00291:2;P00349:1
39,6.0,14.753269927895246,11883.657990228377,6.0,0.0,P00284:2;P00286:1;P00291:1;P00307:1;P00335:1
40,6.0,14.781249727319533,11883.657990228376,6.0,0.0,P00284:2;P00286:1;P00291:1;P00314:1;P00326:1
41,5.0,14.896990097141824,10140.616371251512,4.0,1.0,P00284:2;P00286:1;P00291:1;P00355:1
42,6.0,14.801243598652418,11883.657990228377,6.0,0.0,P00284:2;P00286:1;P00300:1;P00307:1;P00326:1
43,5.0,12.587129527808647,9983.048325190313,5.0,0.0,P00284:2;P00286:1;P00300:1;P00349:1
44,5.0,12.627865994004265,9983.048325190313,5.0,0.0,P00284:2;P00286:1;P00307:1;P00342:1
45,5.0,12.57392961722363,9983.048325190313,5.0,0.0,P00284:2;P00286:1;P00314:1;P00335:1
46,5.0,14.909876528587631,10140.616371251512,4.0,1.0,P00284:2;P00286:1;P00320:1;P00326:1
47,4.0,12.70241562683121,8246.006706213448,3.0,1.0,P00284:2;P00286:1;P00360:1
48,6.0,16.79615812086109,12041.226036289574,5.0,1.0,P00284:2;P00291:2;P00307:1;P00331:1
49,6.0,14.562182320452278,11883.657990228376,6.0,0.0,P00284:2;P00291:2;P00309:1;P00329:1
50,6.0,16.827330375086262,12041.226036289574,5.0,1.0,P00284:2;P00291:2;P00311:1;P00326:1
51,5.0,14.639772337867374,10146.616371251512,4.0,1.0,P00284:2;P00291:2;P00352:1
52,6.0,14.604857108974159,11883.657990228377,6.0,0.0,P00284:2;P00291:1;P00294:1;P00307:1;P00329:1
53,6.0,14.66133697899979,11883.657990228376,6.0,0.0,P00284:2;P00291:1;P00294:1;P00309:1;P00326:1
54,5.0,14.703416025254036,10140.616371251512,4.0,1.0,P00284:2;P00291:1;P00294:1;P00351:1
55,6.0,16.84550472436615,12041.226036289574,5.0,1.0,P00284:2;P00291:1;P00296:1;P00307:1;P00326:1
56,5.0,14.631390653522384,10140.616371251512,4.0,1.0,P00284:2;P00291:1;P00296:1;P00349:1
57,5.0,14.66190091375959,10146.616371251512,4.0,1.0,P00284:2;P00291:1;P00307:1;P00339:1
58,5.0,12.529814440960504,9983.048325190313,5.0,0.0,P00284:2;P00291:1;P00309:1;P00337:1
59,5.0,14.62001026499036,10140.616371251512,4.0,1.0,P00284:2;P00291:1;P00311:1;P00335:1
60,5.0,14.616817810189476,10140.616371251512,4.0,1.0,P00284:2;P00291:1;P00314:1;P00331:1
61,5.0,14.63158653902989,10140.616371251512,4.0,1.0,P00284:2;P00291:1;P00316:1;P00329:1
62,5.0,14.708957136012284,10146.616371251512,4.0,1.0,P00284:2;P00291:1;P00317:1;P00326:1
63,4.0,12.538819398635898,8252.00670621345,3.0,1.0,P00284:2;P00291:1;P00357:1
64,6.0,14.70401176752167,11883.657990228377,6.0,0.0,P00284:2;P00294:2;P00307:1;P00326:1
65,5.0,12.4898976966779,9983.048325190313,5.0,0.0,P00284:2;P00294:2;P00349:1
66,5.0,12.572489229482382,9983.048325190313,5.0,0.0,P00284:2;P00294:1;P00307:1;P00337:1
67,5.0,12.454016868903887,9983.048325190313,5.0,0.0,P00284:2;P00294:1;P00309:1;P00335:1
68,5.0,12.425516798302542,9983.048325190313,5.0,0.0,P00284:2;P00294:1;P00314:1;P00329:1
69,5.0,14.730741197577402,10140.616371251512,4.0,1.0,P00284:2;P00294:1;P00316:1;P00326:1
70,4.0,12.532545500344627,8246.00670621345,3.0,1.0,P00284:2;P00294:1;P00356:1
71,5.0,14.638184614270248,10140.616371251512,4.0,1.0,P00284:2;P00296:1;P00307:1;P00335:1
72,5.0,14.666164413694535,10140.616371251512,4.0,1.0,P00284:2;P00296:1;P00314:1;P00326:1
73,4.0,14.781904783516826,8397.574752274646,2.0,2.0,P00284:2;P00296:1;P00355:1
74,5.0,14.63681168152236,10140.616371251512,4.0,1.0,P00284:2;P00300:1;P00307:1;P00331:1
75,5.0,12.402835881113546,9983.048325190313,5.0,0.0,P00284:2;P00300:1;P00309:1;P00329:1
76,5.0,14.66798393574753,10140.616371251512,4.0,1.0,P00284:2;P00300:1;P00311:1;P00326:1
77,4.0,12.480425898528644,8246.00670621345,3.0,1.0,P00284:2;P00300:1;P00352:1
78,5.0,14.642762351997654,10140.616371251512,4.0,1.0,P00284:2;P00302:1;P00307:1;P00329:1
79,5.0,14.699242222023287,10140.616371251512,4.0,1.0,P00284:2;P00302:1;P00309:1;P00326:1
80,4.0,14.741321268277535,8397.574752274646,2.0,2.0,P00284:2;P00302:1;P00351:1
81,5.0,14.738557717010185,10146.616371251512,4.0,1.0,P00284:2;P00303:1;P00307:1;P00326:1
82,4.0,12.524443646166414,8246.00670621345,3.0,1.0,P00284:2;P00303:1;P00349:1
83,4.0,12.573553374473796,8252.00670621345,3.0,1.0,P00284:2;P00307:1;P00345:1
84,4.0,12.504411809128225,8246.00670621345,3.0,1.0,P00284:2;P00309:1;P00344:1
85,4.0,12.494606331099378,8240.00670621345,3.0,1.0,P00284:2;P00311:1;P00342:1
86,4.0,12.482560603087974,8246.00670621345,3.0,1.0,P00284:2;P00314:1;P00339:1
87,4.0,12.599218659538115,8240.00670621345,3.0,1.0,P00284:2;P00316:1;P00337:1
88,4.0,12.501637025916382,8246.00670621345,3.0,1.0,P00284:2;P00317:1;P00335:1
89,4.0,14.745444611457573,8397.574752274646,2.0,2.0,P00284:2;P00320:1;P00331:1
90,4.0,12.482737445302174,8246.006706213448,3.0,1.0,P00284:2;P00321:1;P00329:1
91,4.0,12.641247147795648,8252.00670621345,3.0,1.0,P00284:2;P00322:1;P00326:1
92,3.0,10.494164348143556,6357.397041175386,2.0,1.0,P00284:2;P00362:1
93,6.0,14.777163069598787,11883.657990228377,6.0,0.0,P00284:1;P00286:1;P00291:2;P00307:1;P00329:1
94,6.0,14.833642939624418,11883.657990228376,6.0,0.0,P00284:1;P00286:1;P00291:2;P00309:1;P00326:1
95,5.0,14.875721985878666,10140.616371251512,4.0,1.0,P00284:1;P00286:1;P00291:2;P00351:1
96,6.0,14.876317728146299,11883.657990228377,6.0,0.0,P00284:1;P00286:1;P00291:1;P00294:1;P00307:1;P00326:1
97,5.0,12.66220365730253,9983.048325190313,5.0,0.0,P00284:1;P00286:1;P00291:1;P00294:1;P00349:1
98,5.0,12.744795190107013,9983.048325190313,5.0,0.0,P00284:1;P00286:1;P00291:1;P00307:1;P00337:1
99,5.0,12.626322829528515,9983.048325190313,5.0,0.0,P00284:1;P00286:1;P00291:1;P00309:1;P00335:1
100,5.0,12.59782275892717,9983.048325190313,5.0,0.0,P00284:1;P00286:1;P00291:1;P00314:1;P00329:1
101,5.0,14.903047158202032,10140.616371251512,4.0,1.0,P00284:1;P00286:1;P00291:1;P00316:1;P00326:1
102,4.0,12.704851460969255,8246.00670621345,3.0,1.0,P00284:1;P00286:1;P00291:1;P00356:1
103,5.0,12.668997618050396,9983.048325190313,5.0,0.0,P00284:1;P00286:1;P00294:1;P00307:1;P00335:1
104,5.0,12.696977417474685,9983.048325190313,5.0,0.0,P00284:1;P00286:1;P00294:1;P00314:1;P00326:1
105,4.0,12.812717787296972,8240.00670621345,3.0,1.0,P00284:1;P00286:1;P00294:1;P00355:1
106,5.0,12.617816630260055,9983.048325190313,5.0,0.0,P00284:1;P00286:1;P00300:1;P00307:1;P00329:1
107,5.0,12.674296500285687,9983.048325190313,5.0,0.0,P00284:1;P00286:1;P00300:1;P00309:1;P00326:1
108,4.0,12.716375546539933,8240.00670621345,3.0,1.0,P00284:1;P00286:1;P00300:1;P00351:1
109,5.0,14.914222971169796,10140.616371251512,4.0,1.0,P00284:1;P00286:1;P00302:1;P00307:1;P00326:1
110,4.0,12.700108900326029,8240.006706213448,3.0,1.0,P00284:1;P00286:1;P00302:1;P00349:1
111,4.0,12.719392558274734,8246.00670621345,3.0,1.0,P00284:1;P00286:1;P00307:1;P00344:1
112,4.0,10.500918895637536,8082.438660152251,4.0,0.0,P00284:1;P00286:1;P00309:1;P00342:1
113,4.0,10.565454879435396,8082.438660152251,4.0,0.0,P00284:1;P00286:1;P00314:1;P00337:1
114,4.0,12.695727048106129,8240.006706213448,3.0,1.0,P00284:1;P00286:1;P00316:1;P00335:1
115,4.0,12.726449560195269,8240.006706213448,3.0,1.0,P00284:1;P00286:1;P00320:1;P00329:1
116,4.0,12.754198064474316,8246.006706213448,3.0,1.0,P00284:1;P00286:1;P00321:1;P00326:1
117,3.0,10.570594253867753,6351.397041175385,2.0,1.0,P00284:1;P00286:1;P00361:1
118,6.0,16.8882974466839,12041.226036289574,5.0,1.0,P00284:1;P00288:1;P00291:2;P00307:1;P00326:1
119,5.0,14.674183375840133,10140.616371251512,4.0,1.0,P00284:1;P00288:1;P00291:2;P00349:1
120,5.0,14.680977336587997,10140.616371251512,4.0,1.0,P00284:1;P00288:1;P00291:1;P00307:1;P00335:1
121,5.0,14.708957136012284,10140.61637125151,4.0,1.0,P00284:1;P00288:1;P00291:1;P00314:1;P00326:1
122,4.0,14.824697505834575,8397.574752274646,2.0,2.0,P00284:1;P00288:1;P00291:1;P00355:1
123,5.0,14.72895100734517,10140.616371251512,4.0,1.0,P00284:1;P00288:1;P00300:1;P00307:1;P00326:1
124,4.0,12.514836936501402,8240.006706213448,3.0,1.0,P00284:1;P00288:1;P00300:1;P00349:1
125,4.0,12.55557340269702,8240.006706213448,3.0,1.0,P00284:1;P00288:1;P00307:1;P00342:1
126,4.0,12.501637025916382,8240.006706213448,3.0,1.0,P00284:1;P00288:1;P00314:1;P00335:1
127,4.0,14.837583937280383,8397.574752274646,2.0,2.0,P00284:1;P00288:1;P00320:1;P00326:1
128,3.0,12.630123035523962,6502.965087236584,1.0,2.0,P00284:1;P00288:1;P00360:1
129,5.0,14.718159709307514,10146.616371251512,4.0,1.0,P00284:1;P00291:2;P00307:1;P00332:1
130,5.0,14.669211022494363,10140.616371251512,4.0,1.0,P00284:1;P00291:2;P00309:1;P00331:1
131,5.0,14.6439034066939,10140.616371251512,4.0,1.0,P00284:1;P00291:2;P00311:1;P00329:1
132,5.0,14.78012118216704,10146.616371251512,4.0,1.0,P00284:1;P00291:2;P00312:1;P00326:1
133,4.0,12.626593972174653,8252.00670621345,3.0,1.0,P00284:1;P00291:2;P00353:1
134,5.0,14.711885811016241,10140.616371251512,4.0,1.0,P00284:1;P00291:1;P00294:1;P00307:1;P00331:1
135,5.0,12.477910010607427,9983.048325190313,5.0,0.0,P00284:1;P00291:1;P00294:1;P00309:1;P00329:1
136,5.0,14.743058065241412,10140.616371251512,4.0,1.0,P00284:1;P00291:1;P00294:1;P00311:1;P00326:1
137,4.0,12.555500028022525,8246.00670621345,3.0,1.0,P00284:1;P00291:1;P00294:1;P00352:1
138,5.0,14.66207775597379,10140.616371251512,4.0,1.0,P00284:1;P00291:1;P00296:1;P00307:1;P00329:1
139,5.0,14.718557625999422,10140.616371251512,4.0,1.0,P00284:1;P00291:1;P00296:1;P00309:1;P00326:1
140,4.0,14.760636672253668,8397.574752274646,2.0,2.0,P00284:1;P00291:1;P00296:1;P00351:1
141,5.0,14.820587458467264,10146.616371251512,4.0,1.0,P00284:1;P00291:1;P00297:1;P00307:1;P00326:1
142,4.0,12.606473387623495,8246.00670621345,3.0,1.0,P00284:1;P00291:1;P00297:1;P00349:1
143,4.0,12.673504658815173,8252.00670621345,3.0,1.0,P00284:1;P00291:1;P00307:1;P00340:1
144,4.0,12.534953815392859,8246.00670621345,3.0,1.0,P00284:1;P00291:1;P00309:1;P00339:1
145,4.0,12.611535527202125,8240.00670621345,3.0,1.0,P00284:1;P00291:1;P00311:1;P00337:1
146,4.0,12.572801072071137,8246.00670621345,3.0,1.0,P00284:1;P00291:1;P00312:1;P00335:1
147,4.0,12.538819398635898,8246.00670621345,3.0,1.0,P00284:1;P00291:1;P00314:1;P00332:1
148,4.0,14.738615241071972,8397.574752274646,2.0,2.0,P00284:1;P00291:1;P00316:1;P00331:1
149,4.0,12.525530167619923,8246.00670621345,3.0,1.0,P00284:1;P00291:1;P00317:1;P00329:1
150,4.0,12.761397641459807,8252.00670621345,3.0,1.0,P00284:1;P00291:1;P00318:1;P00326:1
151,3.0,10.63724113551083,6357.397041175386,2.0,1.0,P00284:1;P00291:1;P00358:1
152,5.0,12.520584799129308,9983.048325190313,5.0,0.0,P00284:1;P00294:2;P00307:1;P00329:1
153,5.0,12.57706466915494,9983.048325190313,5.0,0.0,P00284:1;P00294:2;P00309:1;P00326:1
154,4.0,12.619143715409187,8240.00670621345,3.0,1.0,P00284:1;P00294:2;P00351:1
155,5.0,14.761232414521302,10140.616371251512,4.0,1.0,P00284:1;P00294:1;P00296:1;P00307:1;P00326:1
156,4.0,12.547118343677534,8240.006706213448,3.0,1.0,P00284:1;P00294:1;P00296:1;P00349:1
157,4.0,12.57762860391474,8246.00670621345,3.0,1.0,P00284:1;P00294:1;P00307:1;P00339:1
158,4.0,10.445542131115653,8082.438660152251,4.0,0.0,P00284:1;P00294:1;P00309:1;P00337:1
159,4.0,12.535737955145509,8240.006706213448,3.0,1.0,P00284:1;P00294:1;P00311:1;P00335:1
160,4.0,12.532545500344627,8240.00670621345,3.0,1.0,P00284:1;P00294:1;P00314:1;P00331:1
161,4.0,12.547314229185039,8240.006706213448,3.0,1.0,P00284:1;P00294:1;P00316:1;P00329:1
162,4.0,12.624684826167435,8246.006706213448,3.0,1.0,P00284:1;P00294:1;P00317:1;P00326:1
163,3.0,10.454547088791047,6351.397041175385,2.0,1.0,P00284:1;P00294:1;P00357:1
164,4.0,12.629709876482016,8240.006706213448,3.0,1.0,P00284:1;P00296:1;P00307:1;P00337:1
165,4.0,12.51123751590352,8240.006706213448,3.0,1.0,P00284:1;P00296:1;P00309:1;P00335:1
166,4.0,12.482737445302174,8240.006706213448,3.0,1.0,P00284:1;P00296:1;P00314:1;P00329:1
167,4.0,14.787961844577033,8397.574752274646,2.0,2.0,P00284:1;P00296:1;P00316:1;P00326:1
168,3.0,12.589766147344259,6502.965087236584,1.0,2.0,P00284:1;P00296:1;P00356:1
169,4.0,12.61326734837136,8246.006706213448,3.0,1.0,P00284:1;P00297:1;P00307:1;P00335:1
170,4.0,12.64124714779565,8246.00670621345,3.0,1.0,P00284:1;P00297:1;P00314:1;P00326:1
171,3.0,12.756987517617937,6502.965087236584,1.0,2.0,P00284:1;P00297:1;P00355:1
172,4.0,12.55881326996878,8246.00670621345,3.0,1.0,P00284:1;P00300:1;P00307:1;P00332:1
173,4.0,12.50986458315563,8240.00670621345,3.0,1.0,P00284:1;P00300:1;P00309:1;P00331:1
174,4.0,12.484556967355168,8240.006706213448,3.0,1.0,P00284:1;P00300:1;P00311:1;P00329:1
175,4.0,12.620774742828308,8246.006706213448,3.0,1.0,P00284:1;P00300:1;P00312:1;P00326:1
176,3.0,10.467247532835922,6351.397041175385,2.0,1.0,P00284:1;P00300:1;P00353:1
177,4.0,14.74979105403974,8397.574752274646,2.0,2.0,P00284:1;P00302:1;P00307:1;P00331:1
178,4.0,12.515815253630926,8240.006706213448,3.0,1.0,P00284:1;P00302:1;P00309:1;P00329:1
179,4.0,14.780963308264909,8397.574752274646,2.0,2.0,P00284:1;P00302:1;P00311:1;P00326:1
180,3.0,12.593405271046024,6502.965087236584,1.0,2.0,P00284:1;P00302:1;P00352:1
181,4.0,12.555130748617822,8246.006706213448,3.0,1.0,P00284:1;P00303:1;P00307:1;P00329:1
182,4.0,12.611610618643454,8246.00670621345,3.0,1.0,P00284:1;P00303:1;P00309:1;P00326:1
183,3.0,12.653689664897701,6502.965087236584,1.0,2.0,P00284:1;P00303:1;P00351:1
184,4.0,12.821022385960054,8252.006706213448,3.0,1.0,P00284:1;P00304:1;P00307:1;P00326:1
185,3.0,10.606908315116286,6351.397041175385,2.0,1.0,P00284:1;P00304:1;P00349:1
186,3.0,10.70598064376343,6357.397041175385,2.0,1.0,P00284:1;P00307:1;P00346:1
187,3.0,10.446606276107065,6351.397041175386,2.0,1.0,P00284:1;P00309:1;P00345:1
188,3.0,12.586132895369847,6502.965087236584,1.0,2.0,P00284:1;P00311:1;P00344:1
189,3.0,10.447397138180158,6345.397041175385,2.0,1.0,P00284:1;P00312:1;P00342:1
190,3.0,10.494164348143556,6351.397041175386,2.0,1.0,P00284:1;P00314:1;P00340:1
191,3.0,12.60435803397047,6502.965087236584,1.0,2.0,P00284:1;P00316:1;P00339:1
192,3.0,10.493162288128149,6345.397041175385,2.0,1.0,P00284:1;P00317:1;P00337:1
193,3.0,10.554077531363903,6351.397041175385,2.0,1.0,P00284:1;P00318:1;P00335:1
194,3.0,12.667446199903996,6502.965087236584,1.0,2.0,P00284:1;P00320:1;P00332:1
195,3.0,12.589766147344257,6502.965087236584,1.0,2.0,P00284:1;P00321:1;P00331:1
196,3.0,10.457820179403287,6351.397041175385,2.0,1.0,P00284:1;P00322:1;P00329:1
197,3.0,10.830611687685327,6357.397041175386,2.0,1.0,P00284:1;P00323:1;P00326:1
198,2.0,8.748914857676267,4462.787376137323,1.0,1.0,P00284:1;P00363:1
199,6.0,15.04862368877093,11883.657990228377,6.0,0.0,P00286:2;P00291:2;P00307:1;P00326:1
200,5.0,12.834509617927159,9983.048325190313,5.0,0.0,P00286:2;P00291:2;P00349:1
201,5.0,12.841303578675026,9983.048325190313,5.0,0.0,P00286:2;P00291:1;P00307:1;P00335:1
202,5.0,12.869283378099313,9983.048325190313,5.0,0.0,P00286:2;P00291:1;P00314:1;P00326:1
203,4.0,12.985023747921602,8240.00670621345,3.0,1.0,P00286:2;P00291:1;P00355:1
204,5.0,12.889277249432197,9983.048325190313,5.0,0.0,P00286:2;P00300:1;P00307:1;P00326:1
205,4.0,10.675163178588429,8082.438660152251,4.0,0.0,P00286:2;P00300:1;P00349:1
206,4.0,10.715899644784045,8082.438660152251,4.0,0.0,P00286:2;P00307:1;P00342:1
207,4.0,10.66196326800341,8082.438660152251,4.0,0.0,P00286:2;P00314:1;P00335:1
208,4.0,12.99791017936741,8240.006706213448,3.0,1.0,P00286:2;P00320:1;P00326:1
209,3.0,10.790449277610989,6345.397041175386,2.0,1.0,P00286:2;P00360:1
210,5.0,14.884191771640872,10140.616371251512,4.0,1.0,P00286:1;P00291:2;P00307:1;P00331:1
211,5.0,12.650215971232056,9983.048325190313,5.0,0.0,P00286:1;P00291:2;P00309:1;P00329:1
212,5.0,14.915364025866042,10140.616371251512,4.0,1.0,P00286:1;P00291:2;P00311:1;P00326:1
213,4.0,12.727805988647155,8246.00670621345,3.0,1.0,P00286:1;P00291:2;P00352:1
214,5.0,12.692890759753936,9983.048325190313,5.0,0.0,P00286:1;P00291:1;P00294:1;P00307:1;P00329:1
215,5.0,12.74937062977957,9983.048325190313,5.0,0.0,P00286:1;P00291:1;P00294:1;P00309:1;P00326:1
216,4.0,12.791449676033816,8240.00670621345,3.0,1.0,P00286:1;P00291:1;P00294:1;P00351:1
217,5.0,14.93353837514593,10140.616371251512,4.0,1.0,P00286:1;P00291:1;P00296:1;P00307:1;P00326:1
218,4.0,12.719424304302162,8240.006706213448,3.0,1.0,P00286:1;P00291:1;P00296:1;P00349:1
219,4.0,12.749934564539368,8246.00670621345,3.0,1.0,P00286:1;P00291:1;P00307:1;P00339:1
220,4.0,10.617848091740282,8082.438660152251,4.0,0.0,P00286:1;P00291:1;P00309:1;P00337:1
221,4.0,12.708043915770139,8240.006706213448,3.0,1.0,P00286:1;P00291:1;P00311:1;P00335:1
222,4.0,12.704851460969255,8240.00670621345,3.0,1.0,P00286:1;P00291:1;P00314:1;P00331:1
223,4.0,12.71962018980967,8240.006706213448,3.0,1.0,P00286:1;P00291:1;P00316:1;P00329:1
224,4.0,12.796990786792065,8246.006706213448,3.0,1.0,P00286:1;P00291:1;P00317:1;P00326:1
225,3.0,10.626853049415677,6351.397041175385,2.0,1.0,P00286:1;P00291:1;P00357:1
226,5.0,12.79204541830145,9983.048325190313,5.0,0.0,P00286:1;P00294:2;P00307:1;P00326:1
227,4.0,10.577931347457682,8082.438660152251,4.0,0.0,P00286:1;P00294:2;P00349:1
228,4.0,10.660522880262162,8082.438660152251,4.0,0.0,P00286:1;P00294:1;P00307:1;P00337:1
229,4.0,10.542050519683666,8082.438660152251,4.0,0.0,P00286:1;P00294:1;P00309:1;P00335:1
230,4.0,10.51355044908232,8082.438660152251,4.0,0.0,P00286:1;P00294:1;P00314:1;P00329:1
231,4.0,12.818774848357181,8240.00670621345,3.0,1.0,P00286:1;P00294:1;P00316:1;P00326:1
232,3.0,10.620579151124407,6345.397041175386,2.0,1.0,P00286:1;P00294:1;P00356:1
233,4.0,12.72621826505003,8240.00670621345,3.0,1.0,P00286:1;P00296:1;P00307:1;P00335:1
234,4.0,12.754198064474316,8240.006706213448,3.0,1.0,P00286:1;P00296:1;P00314:1;P00326:1
235,3.0,12.869938434296605,6496.965087236584,1.0,2.0,P00286:1;P00296:1;P00355:1
236,4.0,12.72484533230214,8240.00670621345,3.0,1.0,P00286:1;P00300:1;P00307:1;P00331:1
237,4.0,10.490869531893326,8082.438660152251,4.0,0.0,P00286:1;P00300:1;P00309:1;P00329:1
238,4.0,12.756017586527308,8240.00670621345,3.0,1.0,P00286:1;P00300:1;P00311:1;P00326:1
239,3.0,10.568459549308422,6345.397041175386,2.0,1.0,P00286:1;P00300:1;P00352:1
240,4.0,12.730796002777435,8240.00670621345,3.0,1.0,P00286:1;P00302:1;P00307:1;P00329:1
241,4.0,12.787275872803065,8240.006706213448,3.0,1.0,P00286:1;P00302:1;P00309:1;P00326:1
242,3.0,12.829354919057312,6496.965087236584,1.0,2.0,P00286:1;P00302:1;P00351:1
243,4.0,12.826591367789964,8246.006706213448,3.0,1.0,P00286:1;P00303:1;P00307:1;P00326:1
244,3.0,10.612477296946196,6345.397041175385,2.0,1.0,P00286:1;P00303:1;P00349:1
245,3.0,10.661587025253574,6351.397041175386,2.0,1.0,P00286:1;P00307:1;P00345:1
246,3.0,10.592445459908006,6345.397041175385,2.0,1.0,P00286:1;P00309:1;P00344:1
247,3.0,10.582639981879158,6339.397041175385,2.0,1.0,P00286:1;P00311:1;P00342:1
248,3.0,10.570594253867753,6345.397041175385,2.0,1.0,P00286:1;P00314:1;P00339:1
249,3.0,10.687252310317895,6339.397041175385,2.0,1.0,P00286:1;P00316:1;P00337:1
250,3.0,10.589670676696162,6345.397041175386,2.0,1.0,P00286:1;P00317:1;P00335:1
251,3.0,12.833478262237353,6496.965087236584,1.0,2.0,P00286:1;P00320:1;P00331:1
252,3.0,10.570771096081954,6345.397041175385,2.0,1.0,P00286:1;P00321:1;P00329:1
253,3.0,10.729280798575427,6351.397041175385,2.0,1.0,P00286:1;P00322:1;P00326:1
254,2.0,8.582197998923336,4456.787376137323,1.0,1.0,P00286:1;P00362:1
255,5.0,14.70487047829154,10140.616371251512,4.0,1.0,P00288:1;P00291:2;P00307:1;P00329:1
256,5.0,14.76135034831717,10140.616371251512,4.0,1.0,P00288:1;P00291:2;P00309:1;P00326:1
257,4.0,14.803429394571417,8397.574752274646,2.0,2.0,P00288:1;P00291:2;P00351:1
258,5.0,14.804025136839051,10140.616371251512,4.0,1.0,P00288:1;P00291:1;P00294:1;P00307:1;P00326:1
259,4.0,12.589911065995283,8240.006706213448,3.0,1.0,P00288:1;P00291:1;P00294:1;P00349:1
260,4.0,12.672502598799765,8240.006706213448,3.0,1.0,P00288:1;P00291:1;P00307:1;P00337:1
261,4.0,12.55403023822127,8240.006706213448,3.0,1.0,P00288:1;P00291:1;P00309:1;P00335:1
262,4.0,12.525530167619923,8240.006706213448,3.0,1.0,P00288:1;P00291:1;P00314:1;P00329:1
263,4.0,14.830754566894782,8397.574752274646,2.0,2.0,P00288:1;P00291:1;P00316:1;P00326:1
264,3.0,12.632558869662008,6502.965087236584,1.0,2.0,P00288:1;P00291:1;P00356:1
265,4.0,12.596705026743148,8240.00670621345,3.0,1.0,P00288:1;P00294:1;P00307:1;P00335:1
266,4.0,12.624684826167435,8240.006706213448,3.0,1.0,P00288:1;P00294:1;P00314:1;P00326:1
267,3.0,12.740425195989726,6496.965087236584,1.0,2.0,P00288:1;P00294:1;P00355:1
268,4.0,12.545524038952806,8240.00670621345,3.0,1.0,P00288:1;P00300:1;P00307:1;P00329:1
269,4.0,12.602003908978439,8240.006706213448,3.0,1.0,P00288:1;P00300:1;P00309:1;P00326:1
270,3.0,12.644082955232687,6496.965087236584,1.0,2.0,P00288:1;P00300:1;P00351:1
271,4.0,14.841930379862548,8397.574752274646,2.0,2.0,P00288:1;P00302:1;P00307:1;P00326:1
272,3.0,12.62781630901878,6496.965087236584,1.0,2.0,P00288:1;P00302:1;P00349:1
273,3.0,12.647099966967488,6502.965087236584,1.0,2.0,P00288:1;P00307:1;P00344:1
274,3.0,10.428626304330287,6339.397041175385,2.0,1.0,P00288:1;P00309:1;P00342:1
275,3.0,10.493162288128149,6339.397041175385,2.0,1.0,P00288:1;P00314:1;P00337:1
276,3.0,12.62343445679888,6496.965087236584,1.0,2.0,P00288:1;P00316:1;P00335:1
277,3.0,12.65415696888802,6496.965087236584,1.0,2.0,P00288:1;P00320:1;P00329:1
278,3.0,12.681905473167067,6502.965087236584,1.0,2.0,P00288:1;P00321:1;P00326:1
279,2.0,10.498301662560504,4608.355422198521,0.0,2.0,P00288:1;P00361:1
280,5.0,14.940737952131423,10146.616371251512,4.0,1.0,P00289:1;P00291:2;P00307:1;P00326:1
281,4.0,12.726623881287653,8246.00670621345,3.0,1.0,P00289:1;P00291:2;P00349:1
282,4.0,12.73341784203552,8246.006706213448,3.0,1.0,P00289:1;P00291:1;P00307:1;P00335:1
283,4.0,12.761397641459807,8246.00670621345,3.0,1.0,P00289:1;P00291:1;P00314:1;P00326:1
284,3.0,12.877138011282096,6502.965087236584,1.0,2.0,P00289:1;P00291:1;P00355:1
285,4.0,12.781391512792691,8246.006706213448,3.0,1.0,P00289:1;P00300:1;P00307:1;P00326:1
286,3.0,10.567277441948923,6345.397041175385,2.0,1.0,P00289:1;P00300:1;P00349:1
287,3.0,10.608013908144539,6345.397041175385,2.0,1.0,P00289:1;P00307:1;P00342:1
288,3.0,10.554077531363903,6345.397041175385,2.0,1.0,P00289:1;P00314:1;P00335:1
289,3.0,12.890024442727904,6502.965087236584,1.0,2.0,P00289:1;P00320:1;P00326:1
290,2.0,10.682563540971483,4608.355422198521,0.0,2.0,P00289:1;P00360:1
291,4.0,12.816581446182445,8252.00670621345,3.0,1.0,P00291:2;P00307:1;P00333:1
292,4.0,12.591212610940783,8246.00670621345,3.0,1.0,P00291:2;P00309:1;P00332:1
293,4.0,14.750932108735984,8397.574752274646,2.0,2.0,P00291:2;P00311:1;P00331:1
294,4.0,12.59669421377468,8246.00670621345,3.0,1.0,P00291:2;P00312:1;P00329:1
295,4.0,12.930686739027182,8252.00670621345,3.0,1.0,P00291:2;P00313:1;P00326:1
296,3.0,10.836731983847187,6357.397041175386,2.0,1.0,P00291:2;P00354:1
297,4.0,12.633887399462663,8246.00670621345,3.0,1.0,P00291:1;P00294:1;P00307:1;P00332:1
298,4.0,12.584938712649512,8240.00670621345,3.0,1.0,P00291:1;P00294:1;P00309:1;P00331:1
299,4.0,12.55963109684905,8240.006706213448,3.0,1.0,P00291:1;P00294:1;P00311:1;P00329:1
300,4.0,12.69584887232219,8246.006706213448,3.0,1.0,P00291:1;P00294:1;P00312:1;P00326:1
301,3.0,10.542321662329803,6351.397041175385,2.0,1.0,P00291:1;P00294:1;P00353:1
302,4.0,14.769106458015875,8397.574752274646,2.0,2.0,P00291:1;P00296:1;P00307:1;P00331:1
303,4.0,12.535130657607061,8240.006706213448,3.0,1.0,P00291:1;P00296:1;P00309:1;P00329:1
304,4.0,14.800278712241044,8397.574752274646,2.0,2.0,P00291:1;P00296:1;P00311:1;P00326:1
305,3.0,12.612720675022157,6502.965087236584,1.0,2.0,P00291:1;P00296:1;P00352:1
306,4.0,12.637160490074901,8246.006706213448,3.0,1.0,P00291:1;P00297:1;P00307:1;P00329:1
307,4.0,12.693640360100535,8246.00670621345,3.0,1.0,P00291:1;P00297:1;P00309:1;P00326:1
308,3.0,12.73571940635478,6502.965087236584,1.0,2.0,P00291:1;P00297:1;P00351:1
309,4.0,13.009951998356941,8252.006706213448,3.0,1.0,P00291:1;P00298:1;P00307:1;P00326:1
310,3.0,10.795837927513173,6351.397041175385,2.0,1.0,P00291:1;P00298:1;P00349:1
311,3.0,10.928255168347883,6357.397041175385,2.0,1.0,P00291:1;P00307:1;P00341:1
312,3.0,10.546557560448441,6351.397041175386,2.0,1.0,P00291:1;P00309:1;P00340:1
313,3.0,12.61667490163448,6502.965087236584,1.0,2.0,P00291:1;P00311:1;P00339:1
314,3.0,10.564326334282903,6345.397041175385,2.0,1.0,P00291:1;P00312:1;P00337:1
315,3.0,10.723366628931279,6351.397041175385,2.0,1.0,P00291:1;P00313:1;P00335:1
316,3.0,10.63724113551083,6351.397041175386,2.0,1.0,P00291:1;P00314:1;P00333:1
317,3.0,12.660616829518395,6502.965087236584,1.0,2.0,P00291:1;P00316:1;P00332:1
318,3.0,12.632558869662008,6502.965087236584,1.0,2.0,P00291:1;P00317:1;P00331:1
319,3.0,10.577970673067444,6351.397041175385,2.0,1.0,P00291:1;P00318:1;P00329:1
320,4.0,12.627613501171393,8240.00670621345,3.0,1.0,P00294:2;P00307:1;P00331:1
321,4.0,10.393637700762579,8082.438660152251,4.0,0.0,P00294:2;P00309:1;P00329:1
322,4.0,12.658785755396561,8240.00670621345,3.0,1.0,P00294:2;P00311:1;P00326:1
323,3.0,10.471227718177676,6345.397041175386,2.0,1.0,P00294:2;P00352:1
324,4.0,12.577805446128941,8240.00670621345,3.0,1.0,P00294:1;P00296:1;P00307:1;P00329:1
325,4.0,12.634285316154571,8240.006706213448,3.0,1.0,P00294:1;P00296:1;P00309:1;P00326:1
326,3.0,12.676364362408819,6496.965087236584,1.0,2.0,P00294:1;P00296:1;P00351:1
327,4.0,12.736315148622415,8246.006706213448,3.0,1.0,P00294:1;P00297:1;P00307:1;P00326:1
328,3.0,10.522201077778647,6345.397041175385,2.0,1.0,P00294:1;P00297:1;P00349:1
329,3.0,10.589232348970324,6351.397041175386,2.0,1.0,P00294:1;P00307:1;P00340:1
330,3.0,10.45068150554801,6345.397041175385,2.0,1.0,P00294:1;P00309:1;P00339:1
331,3.0,10.527263217357275,6339.397041175385,2.0,1.0,P00294:1;P00311:1;P00337:1
332,3.0,10.488528762226288,6345.397041175386,2.0,1.0,P00294:1;P00312:1;P00335:1
333,3.0,10.454547088791047,6345.397041175385,2.0,1.0,P00294:1;P00314:1;P00332:1
334,3.0,12.654342931227124,6496.965087236584,1.0,2.0,P00294:1;P00316:1;P00331:1
335,3.0,10.441257857775074,6345.397041175386,2.0,1.0,P00294:1;P00317:1;P00329:1
336,3.0,10.677125331614956,6351.397041175385,2.0,1.0,P00294:1;P00318:1;P00326:1
337,2.0,8.55296882566598,4456.787376137323,1.0,1.0,P00294:1;P00358:1
338,4.0,14.818453061520934,8397.574752274646,2.0,2.0,P00296:2;P00307:1;P00326:1
339,3.0,12.604338990677165,6496.965087236584,1.0,2.0,P00296:2;P00349:1
340,3.0,12.634849250914371,6502.965087236584,1.0,2.0,P00296:1;P00307:1;P00339:1
341,3.0,10.502762778115285,6339.397041175385,2.0,1.0,P00296:1;P00309:1;P00337:1
342,3.0,12.592958602145142,6496.965087236584,1.0,2.0,P00296:1;P00311:1;P00335:1
343,3.0,12.589766147344259,6496.965087236584,1.0,2.0,P00296:1;P00314:1;P00331:1
344,3.0,12.604534876184672,6496.965087236584,1.0,2.0,P00296:1;P00316:1;P00329:1
345,3.0,12.681905473167067,6502.965087236584,1.0,2.0,P00296:1;P00317:1;P00326:1
346,2.0,10.51176773579068,4608.355422198521,0.0,2.0,P00296:1;P00357:1
347,3.0,10.604792610583127,6345.397041175385,2.0,1.0,P00297:1;P00307:1;P00337:1
348,3.0,10.486320250004631,6345.397041175385,2.0,1.0,P00297:1;P00309:1;P00335:1
349,3.0,10.457820179403285,6345.397041175385,2.0,1.0,P00297:1;P00314:1;P00329:1
350,3.0,12.763044578678146,6502.965087236584,1.0,2.0,P00297:1;P00316:1;P00326:1
351,2.0,10.564848881445371,4608.355422198521,0.0,2.0,P00297:1;P00356:1
352,3.0,10.80263188826104,6351.397041175386,2.0,1.0,P00298:1;P00307:1;P00335:1
353,3.0,10.830611687685325,6351.397041175385,2.0,1.0,P00298:1;P00314:1;P00326:1
354,2.0,10.946352057507616,4608.355422198521,0.0,2.0,P00298:1;P00355:1
355,3.0,10.657235006843713,6351.397041175386,2.0,1.0,P00300:1;P00307:1;P00333:1
356,3.0,10.431866171602053,6345.397041175385,2.0,1.0,P00300:1;P00309:1;P00332:1
357,3.0,12.591585669397253,6496.965087236584,1.0,2.0,P00300:1;P00311:1;P00331:1
358,3.0,10.437347774435946,6345.397041175386,2.0,1.0,P00300:1;P00312:1;P00329:1
359,3.0,10.77134029968845,6351.397041175385,2.0,1.0,P00300:1;P00313:1;P00326:1
360,2.0,8.677385544508455,4456.787376137323,1.0,1.0,P00300:1;P00354:1
361,3.0,12.67179264248616,6502.965087236584,1.0,2.0,P00302:1;P00307:1;P00332:1
362,3.0,12.622843955673009,6496.965087236584,1.0,2.0,P00302:1;P00309:1;P00331:1
363,3.0,12.597536339872548,6496.965087236584,1.0,2.0,P00302:1;P00311:1;P00329:1
364,3.0,12.733754115345686,6502.965087236584,1.0,2.0,P00302:1;P00312:1;P00326:1
365,2.0,10.580226905353301,4608.355422198521,0.0,2.0,P00302:1;P00353:1
366,3.0,12.662159450659907,6502.965087236584,1.0,2.0,P00303:1;P00307:1;P00331:1
367,3.0,10.428183650251093,6345.397041175385,2.0,1.0,P00303:1;P00309:1;P00329:1
368,3.0,12.693331704885075,6502.965087236584,1.0,2.0,P00303:1;P00311:1;P00326:1
369,2.0,10.50577366766619,4608.355422198521,0.0,2.0,P00303:1;P00352:1
370,3.0,10.637595417567692,6351.397041175386,2.0,1.0,P00304:1;P00307:1;P00329:1
371,3.0,10.694075287593323,6351.397041175385,2.0,1.0,P00304:1;P00309:1;P00326:1
372,2.0,10.736154333847571,4608.355422198521,0.0,2.0,P00304:1;P00351:1
373,2.0,8.579033545396701,4456.787376137323,1.0,1.0,P00309:1;P00346:1
374,2.0,10.528327362348687,4608.355422198521,0.0,2.0,P00311:1;P00345:1
375,2.0,10.538923702450626,4608.355422198521,0.0,2.0,P00312:1;P00344:1
376,2.0,8.597962695040298,4450.787376137323,1.0,1.0,P00313:1;P00342:1
377,2.0,8.748914857676267,4456.787376137323,1.0,1.0,P00314:1;P00341:1
378,2.0,10.615961779026055,4608.355422198521,0.0,2.0,P00316:1;P00340:1
379,2.0,10.498301662560504,4608.355422198521,0.0,2.0,P00317:1;P00339:1
380,2.0,8.54560279357567,4450.787376137323,1.0,1.0,P00318:1;P00337:1
381,2.0,10.765867936778928,4608.355422198521,0.0,2.0,P00320:1;P00333:1
382,2.0,10.51176773579068,4608.355422198521,0.0,2.0,P00321:1;P00332:1
383,2.0,10.564848881445371,4608.355422198521,0.0,2.0,P00322:1;P00331:1
384,2.0,8.647184719292964,4456.787376137323,1.0,1.0,P00323:1;P00329:1
