check,passed,value,limit,note
运输架次非空,True,20,,
货箱总数,True,80,80,
货箱编号唯一,True,80,,
货箱集合一致,True,,,"缺失=[],多余=[]"
路线/K000002/目的地/S006|医疗物资,True,,,
路线/K000002/目的地/S006|生活卫生用品,True,,,
路线/K000002/目的地/S006|应急食品,True,,,
路线/K000002/目的地/S006|饮用水,True,,,
路线/K000002/装卸组批一致,True,,,
路线/K000002/载荷体积,True,"{'mass': 59.0, 'volume': 0.156}","{'mass': 80.0, 'volume': 0.25}",
路线/K000002/返航能量余量,True,2.5979806407170596,6.4,
路线/K000002/能耗重算,True,2.5979806407170596,2.5979806407170596,
路线/K000002/SOC重算,True,,,
路线/K000002/卸载偏移重算,True,,,
路线/K000002/非负开始时刻,True,,,
路线/K000002/时间重算,True,"{'stored_finish': 1561.5526244866223, 'recomputed_finish': 1561.5526244866223}",,
路线/K000002/起飞准备,True,"{'stored': 480.0, 'recomputed': 480.0}",,
路线/K000002/充电时间,True,"{'stored': 1536.9530901942037, 'recomputed': 1536.9530901942037}",,
路线/K000002/充电完成重算,True,,,
路线/K000002/无人机编号,True,U08,,
路线/K000002/电池编号,True,C-BAT-04,,
通信连续性/K000002,True,"{'intervals': 7, 'relay_intervals': 0}",,
路线/K000002/逐箱组批一致,True,"{'S006|医疗物资': 1, 'S006|应急食品': 1, 'S006|生活卫生用品': 1, 'S006|饮用水': 3}","{'S006|医疗物资': 1, 'S006|生活卫生用品': 1, 'S006|应急食品': 1, 'S006|饮用水': 3}",
路线/K000004/目的地/S014|医疗物资,True,,,
路线/K000004/目的地/S014|应急食品,True,,,
路线/K000004/目的地/S014|饮用水,True,,,
路线/K000004/装卸组批一致,True,,,
路线/K000004/载荷体积,True,"{'mass': 25.0, 'volume': 0.067}","{'mass': 30.0, 'volume': 0.073}",
路线/K000004/返航能量余量,True,2.140365220765654,3.2,
路线/K000004/能耗重算,True,2.140365220765654,2.140365220765654,
路线/K000004/SOC重算,True,,,
路线/K000004/卸载偏移重算,True,,,
路线/K000004/非负开始时刻,True,,,
路线/K000004/时间重算,True,"{'stored_finish': 1869.7476752786915, 'recomputed_finish': 1869.7476752786913}",,
路线/K000004/起飞准备,True,"{'stored': 390.0, 'recomputed': 390.0}",,
路线/K000004/充电时间,True,"{'stored': 1594.1582623317836, 'recomputed': 1594.1582623317836}",,
路线/K000004/充电完成重算,True,,,
路线/K000004/无人机编号,True,U05,,
路线/K000004/电池编号,True,B-BAT-04,,
通信/K000004/802.822-854.437,True,"{'direct_margin': -1.4340705656682786, 'access_margin': 13.78842337675718, 'backhaul_margin': 3.6748289855268013, 'slot': 3}",,直连不可用时的同一中继接入+回传证书
通信/K000004/854.437-880.244,True,"{'direct_margin': -2.123486374110456, 'access_margin': 12.250551245218276, 'backhaul_margin': 3.6748289855268013, 'slot': 3}",,直连不可用时的同一中继接入+回传证书
通信/K000004/880.244-906.052,True,"{'direct_margin': -2.7625514695378683, 'access_margin': 10.708774758254222, 'backhaul_margin': 3.6748289855268013, 'slot': 3}",,直连不可用时的同一中继接入+回传证书
通信/K000004/906.052-938.178,True,"{'direct_margin': -2.76255146953784, 'access_margin': 10.693206181982418, 'backhaul_margin': 3.6748289855268013, 'slot': 3}",,直连不可用时的同一中继接入+回传证书
通信/K000004/938.178-970.304,True,"{'direct_margin': -2.7530073188915054, 'access_margin': 0.66106764815639, 'backhaul_margin': 3.6748289855268013, 'slot': 3}",,直连不可用时的同一中继接入+回传证书
通信/K000004/970.304-1002.431,True,"{'direct_margin': -2.7453449748713012, 'access_margin': 0.6127240211423697, 'backhaul_margin': 3.6748289855268013, 'slot': 3}",,直连不可用时的同一中继接入+回传证书
通信/K000004/1002.431-1242.431,True,"{'direct_margin': -2.739574445940306, 'access_margin': 0.6127240211423555, 'backhaul_margin': 3.6748289855268013, 'slot': 3}",,直连不可用时的同一中继接入+回传证书
通信/K000004/1242.431-1269.202,True,"{'direct_margin': -2.7453449748713297, 'access_margin': 0.6127240211423555, 'backhaul_margin': 3.6748289855268013, 'slot': 3}",,直连不可用时的同一中继接入+回传证书
通信/K000004/1269.202-1295.974,True,"{'direct_margin': -2.753007318891335, 'access_margin': 0.6610676481566031, 'backhaul_margin': 3.6748289855268013, 'slot': 3}",,直连不可用时的同一中继接入+回传证书
通信/K000004/1295.974-1322.746,True,"{'direct_margin': -2.762551469537698, 'access_margin': 10.69320618198195, 'backhaul_margin': 3.6748289855268013, 'slot': 3}",,直连不可用时的同一中继接入+回传证书
通信/K000004/1322.746-1348.554,True,"{'direct_margin': -2.7625514695378683, 'access_margin': 10.708774758254222, 'backhaul_margin': 3.6748289855268013, 'slot': 3}",,直连不可用时的同一中继接入+回传证书
通信/K000004/1348.554-1374.361,True,"{'direct_margin': -2.1234863741191106, 'access_margin': 12.250551245197741, 'backhaul_margin': 3.6748289855268013, 'slot': 3}",,直连不可用时的同一中继接入+回传证书
通信/K000004/1374.361-1425.976,True,"{'direct_margin': -1.4340705656776578, 'access_margin': 13.788423376738237, 'backhaul_margin': 3.6748289855268013, 'slot': 3}",,直连不可用时的同一中继接入+回传证书
通信连续性/K000004,True,"{'intervals': 17, 'relay_intervals': 13}",,
路线/K000004/逐箱组批一致,True,"{'S014|医疗物资': 1, 'S014|应急食品': 1, 'S014|饮用水': 1}","{'S014|医疗物资': 1, 'S014|应急食品': 1, 'S014|饮用水': 1}",
路线/K001310/目的地/S001|饮用水,True,,,
路线/K001310/装卸组批一致,True,,,
路线/K001310/载荷体积,True,"{'mass': 14.0, 'volume': 0.027}","{'mass': 25.0, 'volume': 0.06}",
路线/K001310/返航能量余量,True,1.2195425893044773,3.6,
路线/K001310/能耗重算,True,1.2195425893044773,1.2195425893044773,
路线/K001310/SOC重算,True,,,
路线/K001310/卸载偏移重算,True,,,
路线/K001310/非负开始时刻,True,,,
路线/K001310/时间重算,True,"{'stored_finish': 1190.9069627433817, 'recomputed_finish': 1190.9069627433814}",,
路线/K001310/起飞准备,True,"{'stored': 330.0, 'recomputed': 330.0}",,
路线/K001310/充电时间,True,"{'stored': 852.3123035768491, 'recomputed': 852.3123035768491}",,
路线/K001310/充电完成重算,True,,,
路线/K001310/无人机编号,True,U01,,
路线/K001310/电池编号,True,A-BAT-01,,
通信连续性/K001310,True,"{'intervals': 7, 'relay_intervals': 0}",,
路线/K001310/逐箱组批一致,True,{'S001|饮用水': 1},{'S001|饮用水': 1},
路线/K000003/目的地/S012|医疗物资,True,,,
路线/K000003/目的地/S012|应急食品,True,,,
路线/K000003/目的地/S012|饮用水,True,,,
路线/K000003/装卸组批一致,True,,,
路线/K000003/载荷体积,True,"{'mass': 25.0, 'volume': 0.067}","{'mass': 30.0, 'volume': 0.073}",
路线/K000003/返航能量余量,True,2.7526443904556688,3.2,
路线/K000003/能耗重算,True,2.7526443904556688,2.7526443904556688,
路线/K000003/SOC重算,True,,,
路线/K000003/卸载偏移重算,True,,,
路线/K000003/非负开始时刻,True,,,
路线/K000003/时间重算,True,"{'stored_finish': 1922.826814149187, 'recomputed_finish': 1922.8268141491872}",,
路线/K000003/起飞准备,True,"{'stored': 390.0, 'recomputed': 390.0}",,
路线/K000003/充电时间,True,"{'stored': 1859.4792358641232, 'recomputed': 1859.4792358641232}",,
路线/K000003/充电完成重算,True,,,
路线/K000003/无人机编号,True,U06,,
路线/K000003/电池编号,True,B-BAT-01,,
通信/K000003/738.230-778.182,True,"{'direct_margin': -0.9287065987215328, 'access_margin': 8.416455661389605, 'backhaul_margin': 3.6748289855268013, 'slot': 3}",,直连不可用时的同一中继接入+回传证书
通信/K000003/778.182-791.500,True,"{'direct_margin': -1.3134650205847436, 'access_margin': 8.108013585518762, 'backhaul_margin': 3.6748289855268013, 'slot': 3}",,直连不可用时的同一中继接入+回传证书
通信/K000003/791.500-818.135,True,"{'direct_margin': -2.035486074737321, 'access_margin': 7.4020688739464475, 'backhaul_margin': 3.6748289855268013, 'slot': 3}",,直连不可用时的同一中继接入+回传证书
通信/K000003/818.135-831.452,True,"{'direct_margin': -2.375228615359319, 'access_margin': 7.020822258044092, 'backhaul_margin': 3.6748289855268013, 'slot': 3}",,直连不可用时的同一中继接入+回传证书
通信/K000003/831.452-871.404,True,"{'direct_margin': -3.3214985987820995, 'access_margin': 5.836647193533452, 'backhaul_margin': 3.6748289855268013, 'slot': 3}",,直连不可用时的同一中继接入+回传证书
通信/K000003/871.404-898.039,True,"{'direct_margin': -3.8996348087980692, 'access_margin': 5.0520201413118, 'backhaul_margin': 3.6748289855268013, 'slot': 3}",,直连不可用时的同一中继接入+回传证书
通信/K000003/898.039-924.674,True,"{'direct_margin': -4.441742315179468, 'access_margin': 4.291909181665886, 'backhaul_margin': 3.6748289855268013, 'slot': 3}",,直连不可用时的同一中继接入+回传证书
通信/K000003/924.674-937.991,True,"{'direct_margin': -4.700633887432815, 'access_margin': 3.9237814714054196, 'backhaul_margin': 3.6748289855268013, 'slot': 3}",,直连不可用时的同一中继接入+回传证书
通信/K000003/937.991-951.308,True,"{'direct_margin': -4.9520428958557545, 'access_margin': 3.564357408655127, 'backhaul_margin': 3.6748289855268013, 'slot': 3}",,直连不可用时的同一中继接入+回传证书
通信/K000003/951.308-977.943,True,"{'direct_margin': -5.434058144699378, 'access_margin': 2.872512988048612, 'backhaul_margin': 3.6748289855268013, 'slot': 3}",,直连不可用时的同一中继接入+回传证书
通信/K000003/977.943-1004.643,True,"{'direct_margin': -5.434058144705972, 'access_margin': 2.8654748664076806, 'backhaul_margin': 3.6748289855268013, 'slot': 3}",,直连不可用时的同一中继接入+回传证书
通信/K000003/1004.643-1031.343,True,"{'direct_margin': -5.43159596950764, 'access_margin': 2.8565475109592597, 'backhaul_margin': 3.6748289855268013, 'slot': 3}",,直连不可用时的同一中继接入+回传证书
通信/K000003/1031.343-1271.343,True,"{'direct_margin': -5.42984066485198, 'access_margin': 2.8565475109592597, 'backhaul_margin': 3.6748289855268013, 'slot': 3}",,直连不可用时的同一中继接入+回传证书
通信/K000003/1271.343-1293.594,True,"{'direct_margin': -5.4315959695076685, 'access_margin': 2.8565475109594445, 'backhaul_margin': 3.6748289855268013, 'slot': 3}",,直连不可用时的同一中继接入+回传证书
通信/K000003/1293.594-1315.844,True,"{'direct_margin': -5.434058144705972, 'access_margin': 2.865474866407766, 'backhaul_margin': 3.6748289855268013, 'slot': 3}",,直连不可用时的同一中继接入+回传证书
通信/K000003/1315.844-1342.478,True,"{'direct_margin': -5.434058144704963, 'access_margin': 2.872512988040569, 'backhaul_margin': 3.6748289855268013, 'slot': 3}",,直连不可用时的同一中继接入+回传证书
通信/K000003/1342.478-1355.796,True,"{'direct_margin': -4.952042895861666, 'access_margin': 3.564357408646657, 'backhaul_margin': 3.6748289855268013, 'slot': 3}",,直连不可用时的同一中继接入+回传证书
通信/K000003/1355.796-1369.113,True,"{'direct_margin': -4.700633887419741, 'access_margin': 3.923781471424064, 'backhaul_margin': 3.6748289855268013, 'slot': 3}",,直连不可用时的同一中继接入+回传证书
通信/K000003/1369.113-1395.748,True,"{'direct_margin': -4.441742315165996, 'access_margin': 4.2919091816849715, 'backhaul_margin': 3.6748289855268013, 'slot': 3}",,直连不可用时的同一中继接入+回传证书
通信/K000003/1395.748-1422.383,True,"{'direct_margin': -3.899634808804734, 'access_margin': 5.052020141302577, 'backhaul_margin': 3.6748289855268013, 'slot': 3}",,直连不可用时的同一中继接入+回传证书
通信/K000003/1422.383-1462.335,True,"{'direct_margin': -3.3214985987892334, 'access_margin': 5.836647193524016, 'backhaul_margin': 3.6748289855268013, 'slot': 3}",,直连不可用时的同一中继接入+回传证书
通信/K000003/1462.335-1475.652,True,"{'direct_margin': -2.375228615367263, 'access_margin': 7.020822258034869, 'backhaul_margin': 3.6748289855268013, 'slot': 3}",,直连不可用时的同一中继接入+回传证书
通信/K000003/1475.652-1502.287,True,"{'direct_margin': -2.035486074745563, 'access_margin': 7.402068873937537, 'backhaul_margin': 3.6748289855268013, 'slot': 3}",,直连不可用时的同一中继接入+回传证书
通信/K000003/1502.287-1515.604,True,"{'direct_margin': -1.3134650205654594, 'access_margin': 8.108013585535488, 'backhaul_margin': 3.6748289855268013, 'slot': 3}",,直连不可用时的同一中继接入+回传证书
通信/K000003/1515.604-1555.556,True,"{'direct_margin': -0.9287065987013676, 'access_margin': 8.416455661404413, 'backhaul_margin': 3.6748289855268013, 'slot': 3}",,直连不可用时的同一中继接入+回传证书
通信连续性/K000003,True,"{'intervals': 29, 'relay_intervals': 25}",,
路线/K000003/逐箱组批一致,True,"{'S012|医疗物资': 1, 'S012|应急食品': 1, 'S012|饮用水': 1}","{'S012|医疗物资': 1, 'S012|应急食品': 1, 'S012|饮用水': 1}",
路线/K000001/目的地/S002|医疗物资,True,,,
路线/K000001/目的地/S002|应急食品,True,,,
路线/K000001/目的地/S002|饮用水,True,,,
路线/K000001/装卸组批一致,True,,,
路线/K000001/载荷体积,True,"{'mass': 67.0, 'volume': 0.148}","{'mass': 80.0, 'volume': 0.25}",
路线/K000001/返航能量余量,True,6.2810104080250655,6.4,
路线/K000001/能耗重算,True,6.2810104080250655,6.2810104080250655,
路线/K000001/SOC重算,True,,,
路线/K000001/卸载偏移重算,True,,,
路线/K000001/非负开始时刻,True,,,
路线/K000001/时间重算,True,"{'stored_finish': 2252.2396507946573, 'recomputed_finish': 2252.2396507946573}",,
路线/K000001/起飞准备,True,"{'stored': 624.3974847701029, 'recomputed': 624.3974847701029}",,
路线/K000001/充电时间,True,"{'stored': 2534.440318840122, 'recomputed': 2534.440318840122}",,
路线/K000001/充电完成重算,True,,,
路线/K000001/无人机编号,True,U07,,
路线/K000001/电池编号,True,C-BAT-02,,
通信/K000001/956.953-1112.985,True,"{'direct_margin': -3.9626124517918555, 'access_margin': 1.5778209041375248, 'backhaul_margin': 3.6748289855268013, 'slot': 3}",,直连不可用时的同一中继接入+回传证书
通信/K000001/1112.985-1164.996,True,"{'direct_margin': -4.98505481864035, 'access_margin': 0.612815892461299, 'backhaul_margin': 3.6748289855268013, 'slot': 3}",,直连不可用时的同一中继接入+回传证书
通信/K000001/1164.996-1191.001,True,"{'direct_margin': -5.454442080566935, 'access_margin': 0.14789258851372722, 'backhaul_margin': 3.6748289855268013, 'slot': 3}",,直连不可用时的同一中继接入+回传证书
通信/K000001/1191.001-1235.729,True,"{'direct_margin': -5.454442080570175, 'access_margin': 0.33492735049968303, 'backhaul_margin': 10.978824655493412, 'slot': 0}",,直连不可用时的同一中继接入+回传证书
通信/K000001/1235.729-1631.729,True,"{'direct_margin': -5.452794286226634, 'access_margin': 0.33492735049956934, 'backhaul_margin': 10.978824655493412, 'slot': 0}",,直连不可用时的同一中继接入+回传证书
通信/K000001/1631.729-1667.510,True,"{'direct_margin': -5.454442080570175, 'access_margin': 0.33492735049956934, 'backhaul_margin': 10.978824655493412, 'slot': 0}",,直连不可用时的同一中继接入+回传证书
通信/K000001/1667.510-1693.516,True,"{'direct_margin': -5.454442080562032, 'access_margin': 0.14789258851864417, 'backhaul_margin': 3.6748289855268013, 'slot': 3}",,直连不可用时的同一中继接入+回传证书
通信/K000001/1693.516-1745.526,True,"{'direct_margin': -4.985054818635177, 'access_margin': 0.6128158924663438, 'backhaul_margin': 3.6748289855268013, 'slot': 3}",,直连不可用时的同一中继接入+回传证书
通信/K000001/1745.526-1901.559,True,"{'direct_margin': -3.9626124517860433, 'access_margin': 1.5778209041428113, 'backhaul_margin': 3.6748289855268013, 'slot': 3}",,直连不可用时的同一中继接入+回传证书
通信连续性/K000001,True,"{'intervals': 13, 'relay_intervals': 9}",,
路线/K000001/逐箱组批一致,True,"{'S002|医疗物资': 1, 'S002|应急食品': 1, 'S002|饮用水': 4}","{'S002|医疗物资': 1, 'S002|应急食品': 1, 'S002|饮用水': 4}",
路线/K000005/目的地/S001|医疗物资,True,,,
路线/K000005/目的地/S001|生活卫生用品,True,,,
路线/K000005/目的地/S001|应急食品,True,,,
路线/K000005/目的地/S001|饮用水,True,,,
路线/K000005/装卸组批一致,True,,,
路线/K000005/载荷体积,True,"{'mass': 64.0, 'volume': 0.197}","{'mass': 80.0, 'volume': 0.25}",
路线/K000005/返航能量余量,True,2.5656145660855434,6.4,
路线/K000005/能耗重算,True,2.5656145660855434,2.5656145660855434,
路线/K000005/SOC重算,True,,,
路线/K000005/卸载偏移重算,True,,,
路线/K000005/非负开始时刻,True,,,
路线/K000005/时间重算,True,"{'stored_finish': 3187.7276703486427, 'recomputed_finish': 3187.7276703486423}",,
路线/K000005/起飞准备,True,"{'stored': 2101.5526244866196, 'recomputed': 2101.5526244866196}",,
路线/K000005/充电时间,True,"{'stored': 1528.1872783148347, 'recomputed': 1528.1872783148347}",,
路线/K000005/充电完成重算,True,,,
路线/K000005/无人机编号,True,U08,,
路线/K000005/电池编号,True,C-BAT-01,,
通信连续性/K000005,True,"{'intervals': 7, 'relay_intervals': 0}",,
路线/K000005/逐箱组批一致,True,"{'S001|医疗物资': 2, 'S001|应急食品': 3, 'S001|生活卫生用品': 1, 'S001|饮用水': 2}","{'S001|医疗物资': 2, 'S001|生活卫生用品': 1, 'S001|应急食品': 3, 'S001|饮用水': 2}",
路线/K000006/目的地/S010|医疗物资,True,,,
路线/K000006/目的地/S010|应急食品,True,,,
路线/K000006/目的地/S010|饮用水,True,,,
路线/K000006/装卸组批一致,True,,,
路线/K000006/载荷体积,True,"{'mass': 25.0, 'volume': 0.067}","{'mass': 30.0, 'volume': 0.073}",
路线/K000006/返航能量余量,True,1.8232594430204312,3.2,
路线/K000006/能耗重算,True,1.8232594430204312,1.8232594430204312,
路线/K000006/SOC重算,True,,,
路线/K000006/卸载偏移重算,True,,,
路线/K000006/非负开始时刻,True,,,
路线/K000006/时间重算,True,"{'stored_finish': 3425.151195058907, 'recomputed_finish': 3425.151195058907}",,
路线/K000006/起飞准备,True,"{'stored': 2259.7476752786897, 'recomputed': 2259.7476752786897}",,
路线/K000006/充电时间,True,"{'stored': 1456.7457586421867, 'recomputed': 1456.7457586421867}",,
路线/K000006/充电完成重算,True,,,
路线/K000006/无人机编号,True,U05,,
路线/K000006/电池编号,True,B-BAT-03,,
通信/K000006/2614.918-2641.499,True,"{'direct_margin': -0.5119281110512333, 'access_margin': 23.583829146224588, 'backhaul_margin': 3.6748289855268013, 'slot': 3}",,直连不可用时的同一中继接入+回传证书
通信/K000006/2641.499-2654.790,True,"{'direct_margin': -0.9141789728191725, 'access_margin': 23.169340927696624, 'backhaul_margin': 3.6748289855268013, 'slot': 3}",,直连不可用时的同一中继接入+回传证书
通信/K000006/2654.790-2668.081,True,"{'direct_margin': -1.2986963856783404, 'access_margin': 20.452735933498758, 'backhaul_margin': 3.6748289855268013, 'slot': 3}",,直连不可用时的同一中继接入+回传证书
通信/K000006/2668.081-2681.371,True,"{'direct_margin': -1.6669723827331495, 'access_margin': 18.175385023928285, 'backhaul_margin': 3.6748289855268013, 'slot': 3}",,直连不可用时的同一中继接入+回传证书
通信/K000006/2681.371-2714.986,True,"{'direct_margin': -1.66697238273305, 'access_margin': 17.900300822659943, 'backhaul_margin': 3.6748289855268013, 'slot': 3}",,直连不可用时的同一中继接入+回传证书
通信/K000006/2714.986-2954.986,True,"{'direct_margin': -1.6591526950182356, 'access_margin': 17.90030082265558, 'backhaul_margin': 3.6748289855268013, 'slot': 3}",,直连不可用时的同一中继接入+回传证书
通信/K000006/2954.986-2982.998,True,"{'direct_margin': -1.6669723827331495, 'access_margin': 17.90030082265558, 'backhaul_margin': 3.6748289855268013, 'slot': 3}",,直连不可用时的同一中继接入+回传证书
通信/K000006/2982.998-2996.289,True,"{'direct_margin': -1.6669723827234293, 'access_margin': 18.17538502398378, 'backhaul_margin': 3.6748289855268013, 'slot': 3}",,直连不可用时的同一中继接入+回传证书
通信/K000006/2996.289-3009.580,True,"{'direct_margin': -1.2986963856866822, 'access_margin': 20.45273593344318, 'backhaul_margin': 3.6748289855268013, 'slot': 3}",,直连不可用时的同一中继接入+回传证书
通信/K000006/3009.580-3022.871,True,"{'direct_margin': -0.9141789728278837, 'access_margin': 23.169340927633115, 'backhaul_margin': 3.6748289855268013, 'slot': 3}",,直连不可用时的同一中继接入+回传证书
通信/K000006/3022.871-3049.452,True,"{'direct_margin': -0.5119281110603566, 'access_margin': 23.583829146072745, 'backhaul_margin': 3.6748289855268013, 'slot': 3}",,直连不可用时的同一中继接入+回传证书
通信连续性/K000006,True,"{'intervals': 15, 'relay_intervals': 11}",,
路线/K000006/逐箱组批一致,True,"{'S010|医疗物资': 1, 'S010|应急食品': 1, 'S010|饮用水': 1}","{'S010|医疗物资': 1, 'S010|应急食品': 1, 'S010|饮用水': 1}",
路线/K000007/目的地/S013|医疗物资,True,,,
路线/K000007/目的地/S013|应急食品,True,,,
路线/K000007/目的地/S013|饮用水,True,,,
路线/K000007/装卸组批一致,True,,,
路线/K000007/载荷体积,True,"{'mass': 25.0, 'volume': 0.067}","{'mass': 30.0, 'volume': 0.073}",
路线/K000007/返航能量余量,True,1.8248637585718628,3.2,
路线/K000007/能耗重算,True,1.8248637585718628,1.8248637585718628,
路线/K000007/SOC重算,True,,,
路线/K000007/卸载偏移重算,True,,,
路线/K000007/非负开始时刻,True,,,
路线/K000007/时间重算,True,"{'stored_finish': 3433.338402893711, 'recomputed_finish': 3433.3384028937116}",,
路线/K000007/起飞准备,True,"{'stored': 2312.8268141491862, 'recomputed': 2312.8268141491862}",,
路线/K000007/充电时间,True,"{'stored': 1457.4409620478073, 'recomputed': 1457.4409620478073}",,
路线/K000007/充电完成重算,True,,,
路线/K000007/无人机编号,True,U06,,
路线/K000007/电池编号,True,B-BAT-02,,
通信/K000007/2661.963-2674.895,True,"{'direct_margin': -0.27033591840317683, 'access_margin': 12.930319400246916, 'backhaul_margin': 3.6748289855268013, 'slot': 3}",,直连不可用时的同一中继接入+回传证书
通信/K000007/2674.895-2687.827,True,"{'direct_margin': -0.6729384879312761, 'access_margin': 12.66051083228956, 'backhaul_margin': 3.6748289855268013, 'slot': 3}",,直连不可用时的同一中继接入+回传证书
通信/K000007/2687.827-2700.759,True,"{'direct_margin': -1.0577629558675739, 'access_margin': 12.264166833591503, 'backhaul_margin': 3.6748289855268013, 'slot': 3}",,直连不可用时的同一中继接入+回传证书
通信/K000007/2700.759-2726.623,True,"{'direct_margin': -1.7798932090982902, 'access_margin': 11.222161324806578, 'backhaul_margin': 3.6748289855268013, 'slot': 3}",,直连不可用时的同一中继接入+回传证书
通信/K000007/2726.623-2745.616,True,"{'direct_margin': -1.779893209098205, 'access_margin': 11.1874127074922, 'backhaul_margin': 3.6748289855268013, 'slot': 3}",,直连不可用时的同一中继接入+回传证书
通信/K000007/2745.616-2985.616,True,"{'direct_margin': -1.775908330041716, 'access_margin': 11.1874127074922, 'backhaul_margin': 3.6748289855268013, 'slot': 3}",,直连不可用时的同一中继接入+回传证书
通信/K000007/2985.616-3001.443,True,"{'direct_margin': -1.7798932090982902, 'access_margin': 11.187412707492712, 'backhaul_margin': 3.6748289855268013, 'slot': 3}",,直连不可用时的同一中继接入+回传证书
通信/K000007/3001.443-3027.307,True,"{'direct_margin': -1.7798932090877173, 'access_margin': 11.222161324824086, 'backhaul_margin': 3.6748289855268013, 'slot': 3}",,直连不可用时的同一中继接入+回传证书
通信/K000007/3027.307-3040.240,True,"{'direct_margin': -1.057762955873386, 'access_margin': 12.264166833584568, 'backhaul_margin': 3.6748289855268013, 'slot': 3}",,直连不可用时的同一中继接入+回传证书
通信/K000007/3040.240-3053.172,True,"{'direct_margin': -0.6729384879373583, 'access_margin': 12.660510832284345, 'backhaul_margin': 3.6748289855268013, 'slot': 3}",,直连不可用时的同一中继接入+回传证书
通信/K000007/3053.172-3066.104,True,"{'direct_margin': -0.2703359184095291, 'access_margin': 12.930319400243874, 'backhaul_margin': 3.6748289855268013, 'slot': 3}",,直连不可用时的同一中继接入+回传证书
通信连续性/K000007,True,"{'intervals': 15, 'relay_intervals': 11}",,
路线/K000007/逐箱组批一致,True,"{'S013|医疗物资': 1, 'S013|应急食品': 1, 'S013|饮用水': 1}","{'S013|医疗物资': 1, 'S013|应急食品': 1, 'S013|饮用水': 1}",
路线/K000008/目的地/S007|医疗物资,True,,,
路线/K000008/目的地/S007|生活卫生用品,True,,,
路线/K000008/目的地/S007|应急食品,True,,,
路线/K000008/目的地/S007|饮用水,True,,,
路线/K000008/装卸组批一致,True,,,
路线/K000008/载荷体积,True,"{'mass': 45.0, 'volume': 0.129}","{'mass': 80.0, 'volume': 0.25}",
路线/K000008/返航能量余量,True,3.411075641855823,6.4,
路线/K000008/能耗重算,True,3.411075641855823,3.411075641855823,
路线/K000008/SOC重算,True,,,
路线/K000008/卸载偏移重算,True,,,
路线/K000008/非负开始时刻,True,,,
路线/K000008/时间重算,True,"{'stored_finish': 4159.840349205346, 'recomputed_finish': 4159.840349205345}",,
路线/K000008/起飞准备,True,"{'stored': 2702.2396507946546, 'recomputed': 2702.2396507946546}",,
路线/K000008/充电时间,True,"{'stored': 1757.1663196692853, 'recomputed': 1757.1663196692853}",,
路线/K000008/充电完成重算,True,,,
路线/K000008/无人机编号,True,U07,,
路线/K000008/电池编号,True,C-BAT-03,,
通信/K000008/3105.687-3131.975,True,"{'direct_margin': -0.4285457885183206, 'access_margin': 6.584781198561544, 'backhaul_margin': 10.978824655493412, 'slot': 0}",,直连不可用时的同一中继接入+回传证书
通信/K000008/3131.975-3145.119,True,"{'direct_margin': -0.8296488296393818, 'access_margin': 6.964028500213757, 'backhaul_margin': 10.978824655493412, 'slot': 0}",,直连不可用时的同一中继接入+回传证书
通信/K000008/3145.119-3158.263,True,"{'direct_margin': -1.213163824729719, 'access_margin': 7.100263728495008, 'backhaul_margin': 10.978824655493412, 'slot': 0}",,直连不可用时的同一中继接入+回传证书
通信/K000008/3158.263-3199.132,True,"{'direct_margin': -1.213163824729591, 'access_margin': 7.159275860742724, 'backhaul_margin': 10.978824655493412, 'slot': 0}",,直连不可用时的同一中继接入+回传证书
通信/K000008/3199.132-3240.000,True,"{'direct_margin': -1.2020557506869949, 'access_margin': 7.115598386535183, 'backhaul_margin': 10.978824655493412, 'slot': 0}",,直连不可用时的同一中继接入+回传证书
通信/K000008/3240.000-3600.000,True,"{'direct_margin': -1.1937365176753048, 'access_margin': 7.115598386535183, 'backhaul_margin': 10.978824655493412, 'slot': 0}",,直连不可用时的同一中继接入+回传证书
通信/K000008/3600.000-3632.695,True,"{'direct_margin': -1.2020557506871086, 'access_margin': 7.115598386535183, 'backhaul_margin': 10.978824655493412, 'slot': 0}",,直连不可用时的同一中继接入+回传证书
通信/K000008/3632.695-3665.389,True,"{'direct_margin': -1.213163824729719, 'access_margin': 7.159275860743207, 'backhaul_margin': 10.978824655493412, 'slot': 0}",,直连不可用时的同一中继接入+回传证书
通信/K000008/3665.389-3678.533,True,"{'direct_margin': -1.2131638247163323, 'access_margin': 7.100263728496046, 'backhaul_margin': 10.978824655493412, 'slot': 0}",,直连不可用时的同一中继接入+回传证书
通信/K000008/3678.533-3691.677,True,"{'direct_margin': -0.8296488296428635, 'access_margin': 6.964028500215136, 'backhaul_margin': 10.978824655493412, 'slot': 0}",,直连不可用时的同一中继接入+回传证书
通信/K000008/3691.677-3717.966,True,"{'direct_margin': -0.4285457885219728, 'access_margin': 6.584781198563505, 'backhaul_margin': 10.978824655493412, 'slot': 0}",,直连不可用时的同一中继接入+回传证书
通信连续性/K000008,True,"{'intervals': 15, 'relay_intervals': 11}",,
路线/K000008/逐箱组批一致,True,"{'S007|医疗物资': 1, 'S007|应急食品': 1, 'S007|生活卫生用品': 1, 'S007|饮用水': 2}","{'S007|医疗物资': 1, 'S007|生活卫生用品': 1, 'S007|应急食品': 1, 'S007|饮用水': 2}",
路线/K000009/目的地/S008|医疗物资,True,,,
路线/K000009/目的地/S008|生活卫生用品,True,,,
路线/K000009/目的地/S008|应急食品,True,,,
路线/K000009/目的地/S008|饮用水,True,,,
路线/K000009/装卸组批一致,True,,,
路线/K000009/载荷体积,True,"{'mass': 45.0, 'volume': 0.129}","{'mass': 80.0, 'volume': 0.25}",
路线/K000009/返航能量余量,True,5.836066297505489,6.4,
路线/K000009/能耗重算,True,5.836066297505489,5.836066297505489,
路线/K000009/SOC重算,True,,,
路线/K000009/卸载偏移重算,True,,,
路线/K000009/非负开始时刻,True,,,
路线/K000009/时间重算,True,"{'stored_finish': 5387.43919494949, 'recomputed_finish': 5387.43919494949}",,
路线/K000009/起飞准备,True,"{'stored': 3637.727670348657, 'recomputed': 3637.727670348657}",,
路线/K000009/充电时间,True,"{'stored': 2413.93462224107, 'recomputed': 2413.93462224107}",,
路线/K000009/充电完成重算,True,,,
路线/K000009/无人机编号,True,U08,,
路线/K000009/电池编号,True,C-BAT-04,,
通信/K000009/4024.820-4037.957,True,"{'direct_margin': -1.1910857450665162, 'access_margin': 10.11786551402274, 'backhaul_margin': 10.978824655493412, 'slot': 0}",,直连不可用时的同一中继接入+回传证书
通信/K000009/4037.957-4169.325,True,"{'direct_margin': -4.321303468693827, 'access_margin': 9.633887552363362, 'backhaul_margin': 10.978824655493412, 'slot': 0}",,直连不可用时的同一中继接入+回传证书
通信/K000009/4169.325-4208.735,True,"{'direct_margin': -5.076243581064176, 'access_margin': 8.141637059240864, 'backhaul_margin': 10.978824655493412, 'slot': 0}",,直连不可用时的同一中继接入+回传证书
通信/K000009/4208.735-4221.872,True,"{'direct_margin': -5.313994869767441, 'access_margin': 7.639070913469865, 'backhaul_margin': 10.978824655493412, 'slot': 0}",,直连不可用时的同一中继接入+回传证书
通信/K000009/4221.872-4274.419,True,"{'direct_margin': -6.204869090931766, 'access_margin': 5.730740419080348, 'backhaul_margin': 10.978824655493412, 'slot': 0}",,直连不可用时的同一中继接入+回传证书
通信/K000009/4274.419-4299.921,True,"{'direct_margin': -6.204869090937862, 'access_margin': 5.70930983318965, 'backhaul_margin': 10.978824655493412, 'slot': 0}",,直连不可用时的同一中继接入+回传证书
通信/K000009/4299.921-4325.423,True,"{'direct_margin': -6.203514460573459, 'access_margin': 5.685855611691309, 'backhaul_margin': 10.978824655493412, 'slot': 0}",,直连不可用时的同一中继接入+回传证书
通信/K000009/4325.423-4685.423,True,"{'direct_margin': -6.202505524891052, 'access_margin': 5.685855611691238, 'backhaul_margin': 10.978824655493412, 'slot': 0}",,直连不可用时的同一中继接入+回传证书
通信/K000009/4685.423-4705.825,True,"{'direct_margin': -6.2035144605734445, 'access_margin': 5.685855611691238, 'backhaul_margin': 10.978824655493412, 'slot': 0}",,直连不可用时的同一中继接入+回传证书
通信/K000009/4705.825-4726.227,True,"{'direct_margin': -6.204869090937848, 'access_margin': 5.709309833189295, 'backhaul_margin': 10.978824655493412, 'slot': 0}",,直连不可用时的同一中继接入+回传证书
通信/K000009/4726.227-4778.774,True,"{'direct_margin': -6.204869090937862, 'access_margin': 5.730740419067388, 'backhaul_margin': 10.978824655493412, 'slot': 0}",,直连不可用时的同一中继接入+回传证书
通信/K000009/4778.774-4791.911,True,"{'direct_margin': -5.313994869760464, 'access_margin': 7.639070913484744, 'backhaul_margin': 10.978824655493412, 'slot': 0}",,直连不可用时的同一中继接入+回传证书
通信/K000009/4791.911-4831.321,True,"{'direct_margin': -5.076243581075332, 'access_margin': 8.141637059217487, 'backhaul_margin': 10.978824655493412, 'slot': 0}",,直连不可用时的同一中继接入+回传证书
通信/K000009/4831.321-4962.689,True,"{'direct_margin': -4.321303468705992, 'access_margin': 9.63388755234135, 'backhaul_margin': 10.978824655493412, 'slot': 0}",,直连不可用时的同一中继接入+回传证书
通信/K000009/4962.689-4975.826,True,"{'direct_margin': -1.191085745055318, 'access_margin': 10.11786551404306, 'backhaul_margin': 10.978824655493412, 'slot': 0}",,直连不可用时的同一中继接入+回传证书
通信连续性/K000009,True,"{'intervals': 19, 'relay_intervals': 15}",,
路线/K000009/逐箱组批一致,True,"{'S008|医疗物资': 1, 'S008|应急食品': 1, 'S008|生活卫生用品': 1, 'S008|饮用水': 2}","{'S008|医疗物资': 1, 'S008|生活卫生用品': 1, 'S008|应急食品': 1, 'S008|饮用水': 2}",
路线/K000010/目的地/S002|生活卫生用品,True,,,
路线/K000010/目的地/S002|应急食品,True,,,
路线/K000010/装卸组批一致,True,,,
路线/K000010/载荷体积,True,"{'mass': 14.0, 'volume': 0.063}","{'mass': 30.0, 'volume': 0.073}",
路线/K000010/返航能量余量,True,2.3613312390809593,3.2,
路线/K000010/能耗重算,True,2.3613312390809593,2.3613312390809593,
路线/K000010/SOC重算,True,,,
路线/K000010/卸载偏移重算,True,,,
路线/K000010/非负开始时刻,True,,,
路线/K000010/时间重算,True,"{'stored_finish': 5220.630018918242, 'recomputed_finish': 5220.630018918243}",,
路线/K000010/起飞准备,True,"{'stored': 3823.905937610485, 'recomputed': 3823.905937610485}",,
路线/K000010/充电时间,True,"{'stored': 1689.910203601749, 'recomputed': 1689.910203601749}",,
路线/K000010/充电完成重算,True,,,
路线/K000010/无人机编号,True,U06,,
路线/K000010/电池编号,True,B-BAT-04,,
通信/K000010/4144.378-4300.410,True,"{'direct_margin': -3.9626124517913865, 'access_margin': 1.446127508725894, 'backhaul_margin': 10.978824655493412, 'slot': 0}",,直连不可用时的同一中继接入+回传证书
通信/K000010/4300.410-4352.421,True,"{'direct_margin': -4.985054818639924, 'access_margin': 0.7233463593037328, 'backhaul_margin': 10.978824655493412, 'slot': 0}",,直连不可用时的同一中继接入+回传证书
通信/K000010/4352.421-4378.426,True,"{'direct_margin': -5.454442080566537, 'access_margin': 0.3475985996385731, 'backhaul_margin': 10.978824655493412, 'slot': 0}",,直连不可用时的同一中继接入+回传证书
通信/K000010/4378.426-4414.208,True,"{'direct_margin': -5.454442080570175, 'access_margin': 0.33492735049971145, 'backhaul_margin': 10.978824655493412, 'slot': 0}",,直连不可用时的同一中继接入+回传证书
通信/K000010/4414.208-4624.208,True,"{'direct_margin': -5.452794286226634, 'access_margin': 0.33492735049956934, 'backhaul_margin': 10.978824655493412, 'slot': 0}",,直连不可用时的同一中继接入+回传证书
通信/K000010/4624.208-4654.026,True,"{'direct_margin': -5.454442080570175, 'access_margin': 0.33492735049956934, 'backhaul_margin': 10.978824655493412, 'slot': 0}",,直连不可用时的同一中继接入+回传证书
通信/K000010/4654.026-4680.031,True,"{'direct_margin': -5.454442080570175, 'access_margin': 0.3475985996355604, 'backhaul_margin': 10.978824655493412, 'slot': 0}",,直连不可用时的同一中继接入+回传证书
通信/K000010/4680.031-4732.042,True,"{'direct_margin': -4.985054818646773, 'access_margin': 0.7233463592984464, 'backhaul_margin': 10.978824655493412, 'slot': 0}",,直连不可用时的同一中继接入+回传证书
通信/K000010/4732.042-4888.074,True,"{'direct_margin': -3.9626124517990746, 'access_margin': 1.4461275087209913, 'backhaul_margin': 10.978824655493412, 'slot': 0}",,直连不可用时的同一中继接入+回传证书
通信连续性/K000010,True,"{'intervals': 13, 'relay_intervals': 9}",,
路线/K000010/逐箱组批一致,True,"{'S002|应急食品': 1, 'S002|生活卫生用品': 1}","{'S002|生活卫生用品': 1, 'S002|应急食品': 1}",
路线/K000011/目的地/S001|饮用水,True,,,
路线/K000011/装卸组批一致,True,,,
路线/K000011/载荷体积,True,"{'mass': 28.0, 'volume': 0.054}","{'mass': 30.0, 'volume': 0.073}",
路线/K000011/返航能量余量,True,1.220434433311425,3.2,
路线/K000011/能耗重算,True,1.220434433311425,1.220434433311425,
路线/K000011/SOC重算,True,,,
路线/K000011/卸载偏移重算,True,,,
路线/K000011/非负开始时刻,True,,,
路线/K000011/时间重算,True,"{'stored_finish': 4931.41222583953, 'recomputed_finish': 4931.412225839531}",,
路线/K000011/起飞准备,True,"{'stored': 4142.306050013314, 'recomputed': 4142.306050013314}",,
路线/K000011/充电时间,True,"{'stored': 1195.5215877682842, 'recomputed': 1195.5215877682842}",,
路线/K000011/充电完成重算,True,,,
路线/K000011/无人机编号,True,U05,,
路线/K000011/电池编号,True,B-BAT-01,,
通信连续性/K000011,True,"{'intervals': 7, 'relay_intervals': 0}",,
路线/K000011/逐箱组批一致,True,{'S001|饮用水': 2},{'S001|饮用水': 2},
路线/K000012/目的地/S003|医疗物资,True,,,
路线/K000012/目的地/S003|应急食品,True,,,
路线/K000012/目的地/S003|饮用水,True,,,
路线/K000012/装卸组批一致,True,,,
路线/K000012/载荷体积,True,"{'mass': 67.0, 'volume': 0.148}","{'mass': 80.0, 'volume': 0.25}",
路线/K000012/返航能量余量,True,6.324596372619295,6.4,
路线/K000012/能耗重算,True,6.324596372619295,6.324596372619295,
路线/K000012/SOC重算,True,,,
路线/K000012/卸载偏移重算,True,,,
路线/K000012/非负开始时刻,True,,,
路线/K000012/时间重算,True,"{'stored_finish': 7152.791453016045, 'recomputed_finish': 7152.791453016045}",,
路线/K000012/起飞准备,True,"{'stored': 5196.613741916784, 'recomputed': 5196.613741916784}",,
路线/K000012/充电时间,True,"{'stored': 2546.2448509177257, 'recomputed': 2546.2448509177257}",,
路线/K000012/充电完成重算,True,,,
路线/K000012/无人机编号,True,U07,,
路线/K000012/电池编号,True,C-BAT-01,,
通信/K000012/5632.015-5645.103,True,"{'direct_margin': -0.4014829582306163, 'access_margin': 6.45524002949783, 'backhaul_margin': 10.978824655493412, 'slot': 0}",,直连不可用时的同一中继接入+回传证书
通信/K000012/5645.103-5658.191,True,"{'direct_margin': -0.8016950664103462, 'access_margin': 6.6014087885641715, 'backhaul_margin': 10.978824655493412, 'slot': 0}",,直连不可用时的同一中继接入+回传证书
通信/K000012/5658.191-5710.543,True,"{'direct_margin': -2.2414578694025664, 'access_margin': 6.712543177255398, 'backhaul_margin': 10.978824655493412, 'slot': 0}",,直连不可用时的同一中继接入+回传证书
通信/K000012/5710.543-5762.895,True,"{'direct_margin': -3.4773424240706987, 'access_margin': 6.205946432922843, 'backhaul_margin': 10.978824655493412, 'slot': 0}",,直连不可用时的同一中继接入+回传证书
通信/K000012/5762.895-5841.423,True,"{'direct_margin': -5.054434407821702, 'access_margin': 4.663802581057425, 'backhaul_margin': 10.978824655493412, 'slot': 0}",,直连不可用时的同一中继接入+回传证书
通信/K000012/5841.423-5854.511,True,"{'direct_margin': -5.29162647918389, 'access_margin': 4.370378278652765, 'backhaul_margin': 10.978824655493412, 'slot': 0}",,直连不可用时的同一中继接入+回传证书
通信/K000012/5854.511-5891.728,True,"{'direct_margin': -5.291626479183833, 'access_margin': 4.355452967079884, 'backhaul_margin': 10.978824655493412, 'slot': 0}",,直连不可用时的同一中继接入+回传证书
通信/K000012/5891.728-5928.945,True,"{'direct_margin': -5.287020830286522, 'access_margin': 4.337254632047291, 'backhaul_margin': 10.978824655493412, 'slot': 0}",,直连不可用时的同一中继接入+回传证书
通信/K000012/5928.945-5966.163,True,"{'direct_margin': -5.283321256024308, 'access_margin': 4.31582446317131, 'backhaul_margin': 10.978824655493412, 'slot': 0}",,直连不可用时的同一中继接入+回传证书
通信/K000012/5966.163-6362.163,True,"{'direct_margin': -5.280530077345318, 'access_margin': 4.3158244631710545, 'backhaul_margin': 10.978824655493412, 'slot': 0}",,直连不可用时的同一中继接入+回传证书
通信/K000012/6362.163-6391.936,True,"{'direct_margin': -5.283321256024308, 'access_margin': 4.3158244631710545, 'backhaul_margin': 10.978824655493412, 'slot': 0}",,直连不可用时的同一中继接入+回传证书
通信/K000012/6391.936-6421.710,True,"{'direct_margin': -5.2870208302866075, 'access_margin': 4.337254632047319, 'backhaul_margin': 10.978824655493412, 'slot': 0}",,直连不可用时的同一中继接入+回传证书
通信/K000012/6421.710-6451.484,True,"{'direct_margin': -5.29162647918389, 'access_margin': 4.355452967080254, 'backhaul_margin': 10.978824655493412, 'slot': 0}",,直连不可用时的同一中继接入+回传证书
通信/K000012/6451.484-6464.572,True,"{'direct_margin': -5.291626479181247, 'access_margin': 4.370378278656091, 'backhaul_margin': 10.978824655493412, 'slot': 0}",,直连不可用时的同一中继接入+回传证书
通信/K000012/6464.572-6543.100,True,"{'direct_margin': -5.0544344078303425, 'access_margin': 4.663802581046966, 'backhaul_margin': 10.978824655493412, 'slot': 0}",,直连不可用时的同一中继接入+回传证书
通信/K000012/6543.100-6595.452,True,"{'direct_margin': -3.477342424081044, 'access_margin': 6.205946432915596, 'backhaul_margin': 10.978824655493412, 'slot': 0}",,直连不可用时的同一中继接入+回传证书
通信/K000012/6595.452-6647.804,True,"{'direct_margin': -2.2414578694144893, 'access_margin': 6.712543177258723, 'backhaul_margin': 10.978824655493412, 'slot': 0}",,直连不可用时的同一中继接入+回传证书
通信/K000012/6647.804-6660.892,True,"{'direct_margin': -0.8016950664244007, 'access_margin': 6.601408788558956, 'backhaul_margin': 10.978824655493412, 'slot': 0}",,直连不可用时的同一中继接入+回传证书
通信/K000012/6660.892-6673.980,True,"{'direct_margin': -0.40148295821406066, 'access_margin': 0.019647347455304498, 'backhaul_margin': 10.187934124130948, 'slot': 4}",,直连不可用时的同一中继接入+回传证书
通信连续性/K000012,True,"{'intervals': 23, 'relay_intervals': 19}",,
路线/K000012/逐箱组批一致,True,"{'S003|医疗物资': 1, 'S003|应急食品': 1, 'S003|饮用水': 4}","{'S003|医疗物资': 1, 'S003|应急食品': 1, 'S003|饮用水': 4}",
路线/K000014/目的地/S015|医疗物资,True,,,
路线/K000014/目的地/S015|应急食品,True,,,
路线/K000014/目的地/S015|饮用水,True,,,
路线/K000014/装卸组批一致,True,,,
路线/K000014/载荷体积,True,"{'mass': 25.0, 'volume': 0.067}","{'mass': 30.0, 'volume': 0.073}",
路线/K000014/返航能量余量,True,2.3075883370944723,3.2,
路线/K000014/能耗重算,True,2.3075883370944723,2.3075883370944723,
路线/K000014/SOC重算,True,,,
路线/K000014/卸载偏移重算,True,,,
路线/K000014/非负开始时刻,True,,,
路线/K000014/时间重算,True,"{'stored_finish': 7059.934350113855, 'recomputed_finish': 7059.934350113855}",,
路线/K000014/起飞准备,True,"{'stored': 5621.606789940195, 'recomputed': 5621.606789940195}",,
路线/K000014/充电时间,True,"{'stored': 1666.621612740938, 'recomputed': 1666.621612740938}",,
路线/K000014/充电完成重算,True,,,
路线/K000014/无人机编号,True,U06,,
路线/K000014/电池编号,True,B-BAT-02,,
通信/K000014/6028.124-6079.821,True,"{'direct_margin': -1.4442995838516026, 'access_margin': 10.3103986180312, 'backhaul_margin': 10.978824655493412, 'slot': 0}",,直连不可用时的同一中继接入+回传证书
通信/K000014/6079.821-6092.746,True,"{'direct_margin': -1.7960684024493077, 'access_margin': 13.373122115920324, 'backhaul_margin': 10.978824655493412, 'slot': 0}",,直连不可用时的同一中继接入+回传证书
通信/K000014/6092.746-6105.670,True,"{'direct_margin': -2.134244708900084, 'access_margin': 14.089945916632274, 'backhaul_margin': 10.978824655493412, 'slot': 0}",,直连不可用时的同一中继接入+回传证书
通信/K000014/6105.670-6118.594,True,"{'direct_margin': -2.4598329114597988, 'access_margin': 14.696902190153025, 'backhaul_margin': 10.978824655493412, 'slot': 0}",,直连不可用时的同一中继接入+回传证书
通信/K000014/6118.594-6144.442,True,"{'direct_margin': -3.07674387017083, 'access_margin': 15.123765248172063, 'backhaul_margin': 10.978824655493412, 'slot': 0}",,直连不可用时的同一中继接入+回传证书
通信/K000014/6144.442-6157.367,True,"{'direct_margin': -3.3695977767809637, 'access_margin': 14.856873513236124, 'backhaul_margin': 10.978824655493412, 'slot': 0}",,直连不可用时的同一中继接入+回传证书
通信/K000014/6157.367-6170.291,True,"{'direct_margin': -3.6529482103014885, 'access_margin': 14.299798407682772, 'backhaul_margin': 10.978824655493412, 'slot': 0}",,直连不可用时的同一中继接入+回传证书
通信/K000014/6170.291-6209.211,True,"{'direct_margin': -3.652948210301389, 'access_margin': 14.110852204619931, 'backhaul_margin': 10.978824655493412, 'slot': 0}",,直连不可用时的同一中继接入+回传证书
通信/K000014/6209.211-6449.211,True,"{'direct_margin': -3.6441975540626004, 'access_margin': 14.110852204619789, 'backhaul_margin': 10.978824655493412, 'slot': 0}",,直连不可用时的同一中继接入+回传证书
通信/K000014/6449.211-6481.644,True,"{'direct_margin': -3.6529482103014885, 'access_margin': 14.110852204619789, 'backhaul_margin': 10.978824655493412, 'slot': 0}",,直连不可用时的同一中继接入+回传证书
通信/K000014/6481.644-6494.568,True,"{'direct_margin': -3.65294821029552, 'access_margin': 1.3804419282527078, 'backhaul_margin': 10.187934124130948, 'slot': 4}",,直连不可用时的同一中继接入+回传证书
通信/K000014/6494.568-6507.492,True,"{'direct_margin': -3.36959777678787, 'access_margin': 14.856873513224912, 'backhaul_margin': 10.978824655493412, 'slot': 0}",,直连不可用时的同一中继接入+回传证书
通信/K000014/6507.492-6533.341,True,"{'direct_margin': -3.076743870177978, 'access_margin': 15.123765248179595, 'backhaul_margin': 10.978824655493412, 'slot': 0}",,直连不可用时的同一中继接入+回传证书
通信/K000014/6533.341-6546.265,True,"{'direct_margin': -2.4598329114674726, 'access_margin': 14.696902190165716, 'backhaul_margin': 10.978824655493412, 'slot': 0}",,直连不可用时的同一中继接入+回传证书
通信/K000014/6546.265-6559.189,True,"{'direct_margin': -2.1342447089080565, 'access_margin': 14.089945916596378, 'backhaul_margin': 10.978824655493412, 'slot': 0}",,直连不可用时的同一中继接入+回传证书
通信/K000014/6559.189-6572.113,True,"{'direct_margin': -1.7960684024309188, 'access_margin': 13.373122115938344, 'backhaul_margin': 10.978824655493412, 'slot': 0}",,直连不可用时的同一中继接入+回传证书
通信/K000014/6572.113-6623.810,True,"{'direct_margin': -1.4442995838602286, 'access_margin': 10.310398618048652, 'backhaul_margin': 10.978824655493412, 'slot': 0}",,直连不可用时的同一中继接入+回传证书
通信连续性/K000014,True,"{'intervals': 21, 'relay_intervals': 17}",,
路线/K000014/逐箱组批一致,True,"{'S015|医疗物资': 1, 'S015|应急食品': 1, 'S015|饮用水': 1}","{'S015|医疗物资': 1, 'S015|应急食品': 1, 'S015|饮用水': 1}",
路线/K000015/目的地/S004|医疗物资,True,,,
路线/K000015/目的地/S004|生活卫生用品,True,,,
路线/K000015/目的地/S004|应急食品,True,,,
路线/K000015/目的地/S004|饮用水,True,,,
路线/K000015/装卸组批一致,True,,,
路线/K000015/载荷体积,True,"{'mass': 59.0, 'volume': 0.156}","{'mass': 80.0, 'volume': 0.25}",
路线/K000015/返航能量余量,True,6.152920552274484,6.4,
路线/K000015/能耗重算,True,6.152920552274484,6.152920552274484,
路线/K000015/SOC重算,True,,,
路线/K000015/卸载偏移重算,True,,,
路线/K000015/非负开始时刻,True,,,
路线/K000015/时间重算,True,"{'stored_finish': 7688.493913721935, 'recomputed_finish': 7688.493913721934}",,
路线/K000015/起飞准备,True,"{'stored': 5867.439194949489, 'recomputed': 5867.439194949489}",,
路线/K000015/充电时间,True,"{'stored': 2499.749316241006, 'recomputed': 2499.749316241006}",,
路线/K000015/充电完成重算,True,,,
路线/K000015/无人机编号,True,U08,,
路线/K000015/电池编号,True,C-BAT-02,,
通信/K000015/6344.905-6371.280,True,"{'direct_margin': -3.5294518888116784, 'access_margin': 4.860196219586541, 'backhaul_margin': 10.978824655493412, 'slot': 0}",,直连不可用时的同一中继接入+回传证书
通信/K000015/6371.280-6424.030,True,"{'direct_margin': -4.614893620838643, 'access_margin': 3.9790361725132897, 'backhaul_margin': 10.978824655493412, 'slot': 0}",,直连不可用时的同一中继接入+回传证书
通信/K000015/6424.030-6463.592,True,"{'direct_margin': -5.348413296084203, 'access_margin': 3.223666242210072, 'backhaul_margin': 10.978824655493412, 'slot': 0}",,直连不可用时的同一中继接入+回传证书
通信/K000015/6463.592-6476.779,True,"{'direct_margin': -5.57978673487176, 'access_margin': 2.9641482099602854, 'backhaul_margin': 10.978824655493412, 'slot': 0}",,直连不可用时的同一中继接入+回传证书
通信/K000015/6476.779-6489.967,True,"{'direct_margin': -5.805162963709037, 'access_margin': 2.7031289399194947, 'backhaul_margin': 10.978824655493412, 'slot': 0}",,直连不可用时的同一中继接入+回传证书
通信/K000015/6489.967-6532.452,True,"{'direct_margin': -5.805162963709023, 'access_margin': 2.685632494207155, 'backhaul_margin': 10.978824655493412, 'slot': 0}",,直连不可用时的同一中继接入+回传证书
通信/K000015/6532.452-6574.937,True,"{'direct_margin': -5.802584923247252, 'access_margin': 10.945928307556017, 'backhaul_margin': 10.187934124130948, 'slot': 4}",,直连不可用时的同一中继接入+回传证书
通信/K000015/6574.937-6970.937,True,"{'direct_margin': -5.801059035898405, 'access_margin': 10.945928307556017, 'backhaul_margin': 10.187934124130948, 'slot': 4}",,直连不可用时的同一中继接入+回传证书
通信/K000015/6970.937-7004.924,True,"{'direct_margin': -5.802584923247295, 'access_margin': 10.94592830755677, 'backhaul_margin': 10.187934124130948, 'slot': 4}",,直连不可用时的同一中继接入+回传证书
通信/K000015/7004.924-7038.912,True,"{'direct_margin': -5.805162963709037, 'access_margin': 2.6856324942074536, 'backhaul_margin': 10.978824655493412, 'slot': 0}",,直连不可用时的同一中继接入+回传证书
通信/K000015/7038.912-7052.100,True,"{'direct_margin': -5.8051629637026, 'access_margin': 2.703128939927069, 'backhaul_margin': 10.978824655493412, 'slot': 0}",,直连不可用时的同一中继接入+回传证书
通信/K000015/7052.100-7065.287,True,"{'direct_margin': -5.579786734879505, 'access_margin': 2.9641482099514462, 'backhaul_margin': 10.978824655493412, 'slot': 0}",,直连不可用时的同一中继接入+回传证书
通信/K000015/7065.287-7104.850,True,"{'direct_margin': -5.3484132960743835, 'access_margin': 3.2236662422208724, 'backhaul_margin': 10.978824655493412, 'slot': 0}",,直连不可用时的同一中继接入+回传证书
通信/K000015/7104.850-7157.600,True,"{'direct_margin': -4.6148936208279565, 'access_margin': 3.9790361725234504, 'backhaul_margin': 10.978824655493412, 'slot': 0}",,直连不可用时的同一中继接入+回传证书
通信/K000015/7157.600-7183.975,True,"{'direct_margin': -3.5294518888215123, 'access_margin': 4.860196219580047, 'backhaul_margin': 10.978824655493412, 'slot': 0}",,直连不可用时的同一中继接入+回传证书
通信连续性/K000015,True,"{'intervals': 19, 'relay_intervals': 15}",,
路线/K000015/逐箱组批一致,True,"{'S004|医疗物资': 1, 'S004|应急食品': 1, 'S004|生活卫生用品': 1, 'S004|饮用水': 3}","{'S004|医疗物资': 1, 'S004|生活卫生用品': 1, 'S004|应急食品': 1, 'S004|饮用水': 3}",
路线/K000013/目的地/S009|医疗物资,True,,,
路线/K000013/目的地/S009|应急食品,True,,,
路线/K000013/目的地/S009|饮用水,True,,,
路线/K000013/装卸组批一致,True,,,
路线/K000013/载荷体积,True,"{'mass': 25.0, 'volume': 0.067}","{'mass': 30.0, 'volume': 0.073}",
路线/K000013/返航能量余量,True,2.096289967733762,3.2,
路线/K000013/能耗重算,True,2.096289967733762,2.096289967733762,
路线/K000013/SOC重算,True,,,
路线/K000013/卸载偏移重算,True,,,
路线/K000013/非负开始时刻,True,,,
路线/K000013/时间重算,True,"{'stored_finish': 7333.448754672478, 'recomputed_finish': 7333.448754672478}",,
路线/K000013/起飞准备,True,"{'stored': 6164.98589033812, 'recomputed': 6164.98589033812}",,
路线/K000013/充电时间,True,"{'stored': 1575.0589860179634, 'recomputed': 1575.0589860179634}",,
路线/K000013/充电完成重算,True,,,
路线/K000013/无人机编号,True,U05,,
路线/K000013/电池编号,True,B-BAT-03,,
通信/K000013/6482.475-6600.516,True,"{'direct_margin': -3.182624572738618, 'access_margin': 8.031610804000948, 'backhaul_margin': 10.187934124130948, 'slot': 4}",,直连不可用时的同一中继接入+回传证书
通信/K000013/6600.516-6625.807,True,"{'direct_margin': -3.1826245727386038, 'access_margin': 12.476450835813836, 'backhaul_margin': 10.187934124130948, 'slot': 4}",,直连不可用时的同一中继接入+回传证书
通信/K000013/6625.807-6865.807,True,"{'direct_margin': -3.1807034065250974, 'access_margin': 12.476450835812727, 'backhaul_margin': 10.187934124130948, 'slot': 4}",,直连不可用时的同一中继接入+回传证书
通信/K000013/6865.807-6886.884,True,"{'direct_margin': -3.1826245727386038, 'access_margin': 12.476450835812727, 'backhaul_margin': 10.187934124130948, 'slot': 4}",,直连不可用时的同一中继接入+回传证书
通信/K000013/6886.884-7004.924,True,"{'direct_margin': -3.182624572738618, 'access_margin': 8.031610804002185, 'backhaul_margin': 10.187934124130948, 'slot': 4}",,直连不可用时的同一中继接入+回传证书
通信连续性/K000013,True,"{'intervals': 9, 'relay_intervals': 5}",,
路线/K000013/逐箱组批一致,True,"{'S009|医疗物资': 1, 'S009|应急食品': 1, 'S009|饮用水': 1}","{'S009|医疗物资': 1, 'S009|应急食品': 1, 'S009|饮用水': 1}",
路线/K000017/目的地/S003|生活卫生用品,True,,,
路线/K000017/目的地/S003|应急食品,True,,,
路线/K000017/装卸组批一致,True,,,
路线/K000017/载荷体积,True,"{'mass': 14.0, 'volume': 0.063}","{'mass': 30.0, 'volume': 0.073}",
路线/K000017/返航能量余量,True,2.424318485056973,3.2,
路线/K000017/能耗重算,True,2.424318485056973,2.424318485056973,
路线/K000017/SOC重算,True,,,
路线/K000017/卸载偏移重算,True,,,
路线/K000017/非负开始时刻,True,,,
路线/K000017/时间重算,True,"{'stored_finish': 9080.544015151925, 'recomputed_finish': 9080.544015151927}",,
路线/K000017/起飞准备,True,"{'stored': 7419.934350113863, 'recomputed': 7419.934350113863}",,
路线/K000017/充电时间,True,"{'stored': 1717.2046768580215, 'recomputed': 1717.2046768580215}",,
路线/K000017/充电完成重算,True,,,
路线/K000017/无人机编号,True,U06,,
路线/K000017/电池编号,True,B-BAT-04,,
通信/K000017/7826.395-7839.483,True,"{'direct_margin': -0.4014829582252162, 'access_margin': 6.455240029495684, 'backhaul_margin': 10.978824655493412, 'slot': 0}",,直连不可用时的同一中继接入+回传证书
通信/K000017/7839.483-7852.571,True,"{'direct_margin': -0.8016950664051876, 'access_margin': 6.601408788562466, 'backhaul_margin': 10.978824655493412, 'slot': 0}",,直连不可用时的同一中继接入+回传证书
通信/K000017/7852.571-7904.923,True,"{'direct_margin': -2.2414578693981895, 'access_margin': 6.712543177254176, 'backhaul_margin': 10.978824655493412, 'slot': 0}",,直连不可用时的同一中继接入+回传证书
通信/K000017/7904.923-7957.275,True,"{'direct_margin': -3.47734242406689, 'access_margin': 6.205946432925515, 'backhaul_margin': 10.978824655493412, 'slot': 0}",,直连不可用时的同一中继接入+回传证书
通信/K000017/7957.275-8035.803,True,"{'direct_margin': -5.054434407818533, 'access_margin': 4.663802581061276, 'backhaul_margin': 10.978824655493412, 'slot': 0}",,直连不可用时的同一中继接入+回传证书
通信/K000017/8035.803-8048.891,True,"{'direct_margin': -5.29162647918389, 'access_margin': 4.370378278652765, 'backhaul_margin': 10.978824655493412, 'slot': 0}",,直连不可用时的同一中继接入+回传证书
通信/K000017/8048.891-8078.665,True,"{'direct_margin': -5.291626479183847, 'access_margin': 4.355452967080055, 'backhaul_margin': 10.978824655493412, 'slot': 0}",,直连不可用时的同一中继接入+回传证书
通信/K000017/8078.665-8108.439,True,"{'direct_margin': -5.287020830286565, 'access_margin': 4.3372546320470775, 'backhaul_margin': 10.978824655493412, 'slot': 0}",,直连不可用时的同一中继接入+回传证书
通信/K000017/8108.439-8138.213,True,"{'direct_margin': -5.283321256024266, 'access_margin': 4.315824463171239, 'backhaul_margin': 10.978824655493412, 'slot': 0}",,直连不可用时的同一中继接入+回传证书
通信/K000017/8138.213-8348.213,True,"{'direct_margin': -5.280530077345318, 'access_margin': 4.3158244631710545, 'backhaul_margin': 10.978824655493412, 'slot': 0}",,直连不可用时的同一中继接入+回传证书
通信/K000017/8348.213-8373.024,True,"{'direct_margin': -5.283321256024323, 'access_margin': 4.3158244631710545, 'backhaul_margin': 10.978824655493412, 'slot': 0}",,直连不可用时的同一中继接入+回传证书
通信/K000017/8373.024-8397.836,True,"{'direct_margin': -5.287020830286593, 'access_margin': 4.337254632047404, 'backhaul_margin': 10.978824655493412, 'slot': 0}",,直连不可用时的同一中继接入+回传证书
通信/K000017/8397.836-8422.647,True,"{'direct_margin': -5.291626479183861, 'access_margin': 4.355452967080225, 'backhaul_margin': 10.978824655493412, 'slot': 0}",,直连不可用时的同一中继接入+回传证书
通信/K000017/8422.647-8435.735,True,"{'direct_margin': -5.29162647918389, 'access_margin': 4.370378278652765, 'backhaul_margin': 10.978824655493412, 'slot': 0}",,直连不可用时的同一中继接入+回传证书
通信/K000017/8435.735-8514.263,True,"{'direct_margin': -5.054434407816402, 'access_margin': 4.663802581063862, 'backhaul_margin': 10.978824655493412, 'slot': 0}",,直连不可用时的同一中继接入+回传证书
通信/K000017/8514.263-8566.615,True,"{'direct_margin': -3.4773424240643322, 'access_margin': 4.932878505762758, 'backhaul_margin': 15.70845122308394, 'slot': 5}",,直连不可用时的同一中继接入+回传证书
通信/K000017/8566.615-8618.967,True,"{'direct_margin': -2.2414578693952336, 'access_margin': 6.743751168228243, 'backhaul_margin': 15.70845122308394, 'slot': 5}",,直连不可用时的同一中继接入+回传证书
通信/K000017/8618.967-8632.055,True,"{'direct_margin': -0.801695066401706, 'access_margin': 8.744462893663766, 'backhaul_margin': 15.70845122308394, 'slot': 5}",,直连不可用时的同一中继接入+回传证书
通信/K000017/8632.055-8645.143,True,"{'direct_margin': -0.4014829582215782, 'access_margin': 9.248512683151333, 'backhaul_margin': 15.70845122308394, 'slot': 5}",,直连不可用时的同一中继接入+回传证书
通信连续性/K000017,True,"{'intervals': 23, 'relay_intervals': 19}",,
路线/K000017/逐箱组批一致,True,"{'S003|应急食品': 1, 'S003|生活卫生用品': 1}","{'S003|生活卫生用品': 1, 'S003|应急食品': 1}",
路线/K000018/目的地/S005|医疗物资,True,,,
路线/K000018/目的地/S005|生活卫生用品,True,,,
路线/K000018/目的地/S005|应急食品,True,,,
路线/K000018/目的地/S005|饮用水,True,,,
路线/K000018/装卸组批一致,True,,,
路线/K000018/载荷体积,True,"{'mass': 59.0, 'volume': 0.156}","{'mass': 80.0, 'volume': 0.25}",
路线/K000018/返航能量余量,True,4.222182349592158,6.4,
路线/K000018/能耗重算,True,4.222182349592158,4.222182349592158,
路线/K000018/SOC重算,True,,,
路线/K000018/卸载偏移重算,True,,,
路线/K000018/非负开始时刻,True,,,
路线/K000018/时间重算,True,"{'stored_finish': 9029.980168507525, 'recomputed_finish': 9029.980168507527}",,
路线/K000018/起飞准备,True,"{'stored': 7632.791453016054, 'recomputed': 7632.791453016054}",,
路线/K000018/充电时间,True,"{'stored': 1976.8410530145427, 'recomputed': 1976.8410530145427}",,
路线/K000018/充电完成重算,True,,,
路线/K000018/无人机编号,True,U07,,
路线/K000018/电池编号,True,C-BAT-03,,
通信/K000018/7973.046-8064.315,True,"{'direct_margin': -2.5128506814345712, 'access_margin': 6.984966064421911, 'backhaul_margin': 10.978824655493412, 'slot': 0}",,直连不可用时的同一中继接入+回传证书
通信/K000018/8064.315-8097.168,True,"{'direct_margin': -2.512850681434543, 'access_margin': 7.479945452104488, 'backhaul_margin': 10.978824655493412, 'slot': 0}",,直连不可用时的同一中继接入+回传证书
通信/K000018/8097.168-8130.021,True,"{'direct_margin': -2.509867820795691, 'access_margin': 7.429128249953379, 'backhaul_margin': 10.978824655493412, 'slot': 0}",,直连不可用时的同一中继接入+回传证书
通信/K000018/8130.021-8526.021,True,"{'direct_margin': -2.508227791369876, 'access_margin': 7.429128249953379, 'backhaul_margin': 10.978824655493412, 'slot': 0}",,直连不可用时的同一中继接入+回传证书
通信/K000018/8526.021-8552.303,True,"{'direct_margin': -2.509867820795691, 'access_margin': 7.429128249953806, 'backhaul_margin': 10.978824655493412, 'slot': 0}",,直连不可用时的同一中继接入+回传证书
通信/K000018/8552.303-8578.585,True,"{'direct_margin': -2.5128506814345712, 'access_margin': 6.916931836946034, 'backhaul_margin': 15.70845122308394, 'slot': 5}",,直连不可用时的同一中继接入+回传证书
通信/K000018/8578.585-8669.855,True,"{'direct_margin': -2.5128506814232594, 'access_margin': 6.9352573743605745, 'backhaul_margin': 15.70845122308394, 'slot': 5}",,直连不可用时的同一中继接入+回传证书
通信连续性/K000018,True,"{'intervals': 11, 'relay_intervals': 7}",,
路线/K000018/逐箱组批一致,True,"{'S005|医疗物资': 1, 'S005|应急食品': 1, 'S005|生活卫生用品': 1, 'S005|饮用水': 3}","{'S005|医疗物资': 1, 'S005|生活卫生用品': 1, 'S005|应急食品': 1, 'S005|饮用水': 3}",
路线/K000019/目的地/S001|生活卫生用品,True,,,
路线/K000019/目的地/S001|饮用水,True,,,
路线/K000019/装卸组批一致,True,,,
路线/K000019/载荷体积,True,"{'mass': 48.0, 'volume': 0.116}","{'mass': 80.0, 'volume': 0.25}",
路线/K000019/返航能量余量,True,2.2814782762843073,6.4,
路线/K000019/能耗重算,True,2.2814782762843073,2.2814782762843073,
路线/K000019/SOC重算,True,,,
路线/K000019/卸载偏移重算,True,,,
路线/K000019/非负开始时刻,True,,,
路线/K000019/时间重算,True,"{'stored_finish': 9163.54945754938, 'recomputed_finish': 9163.549457549381}",,
路线/K000019/起飞准备,True,"{'stored': 8221.374411687357, 'recomputed': 8221.374411687357}",,
路线/K000019/充电时间,True,"{'stored': 1451.233699827, 'recomputed': 1451.233699827}",,
路线/K000019/充电完成重算,True,,,
路线/K000019/无人机编号,True,U08,,
路线/K000019/电池编号,True,C-BAT-04,,
通信连续性/K000019,True,"{'intervals': 7, 'relay_intervals': 0}",,
路线/K000019/逐箱组批一致,True,"{'S001|生活卫生用品': 1, 'S001|饮用水': 3}","{'S001|生活卫生用品': 1, 'S001|饮用水': 3}",
路线/K000016/目的地/S011|医疗物资,True,,,
路线/K000016/目的地/S011|应急食品,True,,,
路线/K000016/目的地/S011|饮用水,True,,,
路线/K000016/装卸组批一致,True,,,
路线/K000016/载荷体积,True,"{'mass': 25.0, 'volume': 0.067}","{'mass': 30.0, 'volume': 0.073}",
路线/K000016/返航能量余量,True,1.073963183411491,3.2,
路线/K000016/能耗重算,True,1.073963183411491,1.073963183411491,
路线/K000016/SOC重算,True,,,
路线/K000016/卸载偏移重算,True,,,
路线/K000016/非负开始时刻,True,,,
路线/K000016/时间重算,True,"{'stored_finish': 9170.432679280624, 'recomputed_finish': 9170.432679280622}",,
路线/K000016/起飞准备,True,"{'stored': 8372.007916420103, 'recomputed': 8372.007916420103}",,
路线/K000016/充电时间,True,"{'stored': 1132.0507128116462, 'recomputed': 1132.0507128116462}",,
路线/K000016/充电完成重算,True,,,
路线/K000016/无人机编号,True,U05,,
路线/K000016/电池编号,True,B-BAT-01,,
通信连续性/K000016,True,"{'intervals': 7, 'relay_intervals': 0}",,
路线/K000016/逐箱组批一致,True,"{'S011|医疗物资': 1, 'S011|应急食品': 1, 'S011|饮用水': 1}","{'S011|医疗物资': 1, 'S011|应急食品': 1, 'S011|饮用水': 1}",
机型A/实体数量,True,1,4,
资源/U01/运输机不重叠,True,0,,
资源/U02/运输机不重叠,True,0,,
资源/U03/运输机不重叠,True,0,,
资源/U04/运输机不重叠,True,0,,
机型B/实体数量,True,2,2,
资源/U05/运输机不重叠,True,0,,
资源/U06/运输机不重叠,True,0,,
机型C/实体数量,True,2,2,
资源/U07/运输机不重叠,True,0,,
资源/U08/运输机不重叠,True,0,,
机型A/共享电池类型,True,,,
资源/A-BAT-01/电池占用不重叠,True,0,,
资源/A-BAT-02/电池占用不重叠,True,0,,
资源/A-BAT-03/电池占用不重叠,True,0,,
资源/A-BAT-04/电池占用不重叠,True,0,,
资源/A-BAT-05/电池占用不重叠,True,0,,
资源/A-BAT-06/电池占用不重叠,True,0,,
机型B/共享电池类型,True,,,
资源/B-BAT-01/电池占用不重叠,True,0,,
资源/B-BAT-02/电池占用不重叠,True,0,,
资源/B-BAT-03/电池占用不重叠,True,0,,
资源/B-BAT-04/电池占用不重叠,True,0,,
机型C/共享电池类型,True,,,
资源/C-BAT-01/电池占用不重叠,True,0,,
资源/C-BAT-02/电池占用不重叠,True,0,,
资源/C-BAT-03/电池占用不重叠,True,0,,
资源/C-BAT-04/电池占用不重叠,True,0,,
货箱/S001-MED-01/原始属性,True,,,
时限/S001-MED-01,True,2875.8251474176313,3600.0,
货箱/S001-MED-02/原始属性,True,,,
时限/S001-MED-02,True,2875.8251474176313,3600.0,
货箱/S001-FOD-01/原始属性,True,,,
货箱/S001-FOD-02/原始属性,True,,,
货箱/S001-FOD-03/原始属性,True,,,
货箱/S001-HYG-01/原始属性,True,,,
货箱/S001-HYG-02/原始属性,True,,,
货箱/S001-WAT-01/原始属性,True,,,
时限/S001-WAT-01,True,848.5768147050242,3600.0,
货箱/S001-WAT-02/原始属性,True,,,
货箱/S001-WAT-03/原始属性,True,,,
货箱/S001-WAT-04/原始属性,True,,,
货箱/S001-WAT-05/原始属性,True,,,
货箱/S001-WAT-06/原始属性,True,,,
货箱/S001-WAT-07/原始属性,True,,,
货箱/S001-WAT-08/原始属性,True,,,
货箱/S002-MED-01/原始属性,True,,,
时限/S002-MED-01,True,1631.7285677823802,3600.0,
货箱/S002-FOD-01/原始属性,True,,,
货箱/S002-FOD-02/原始属性,True,,,
货箱/S002-HYG-01/原始属性,True,,,
货箱/S002-WAT-01/原始属性,True,,,
时限/S002-WAT-01,True,1631.7285677823802,3600.0,
货箱/S002-WAT-02/原始属性,True,,,
货箱/S002-WAT-03/原始属性,True,,,
货箱/S002-WAT-04/原始属性,True,,,
货箱/S003-MED-01/原始属性,True,,,
时限/S003-MED-01,True,6362.162597466415,7200.0,
货箱/S003-FOD-01/原始属性,True,,,
货箱/S003-FOD-02/原始属性,True,,,
货箱/S003-HYG-01/原始属性,True,,,
货箱/S003-WAT-01/原始属性,True,,,
时限/S003-WAT-01,True,6362.162597466415,7200.0,
货箱/S003-WAT-02/原始属性,True,,,
货箱/S003-WAT-03/原始属性,True,,,
货箱/S003-WAT-04/原始属性,True,,,
货箱/S004-MED-01/原始属性,True,,,
时限/S004-MED-01,True,6970.936554335713,7200.0,
货箱/S004-FOD-01/原始属性,True,,,
货箱/S004-HYG-01/原始属性,True,,,
货箱/S004-WAT-01/原始属性,True,,,
时限/S004-WAT-01,True,6970.936554335713,7200.0,
货箱/S004-WAT-02/原始属性,True,,,
货箱/S004-WAT-03/原始属性,True,,,
货箱/S005-MED-01/原始属性,True,,,
时限/S005-MED-01,True,8526.02081076179,10800.0,
货箱/S005-FOD-01/原始属性,True,,,
货箱/S005-HYG-01/原始属性,True,,,
货箱/S005-WAT-01/原始属性,True,,,
时限/S005-WAT-01,True,8526.02081076179,10800.0,
货箱/S005-WAT-02/原始属性,True,,,
货箱/S005-WAT-03/原始属性,True,,,
货箱/S006-MED-01/原始属性,True,,,
时限/S006-MED-01,True,1209.4213122433111,3600.0,
货箱/S006-FOD-01/原始属性,True,,,
货箱/S006-HYG-01/原始属性,True,,,
货箱/S006-WAT-01/原始属性,True,,,
时限/S006-WAT-01,True,1209.4213122433111,3600.0,
货箱/S006-WAT-02/原始属性,True,,,
货箱/S006-WAT-03/原始属性,True,,,
货箱/S007-MED-01/原始属性,True,,,
时限/S007-MED-01,True,3600.0,3600.0,
货箱/S007-FOD-01/原始属性,True,,,
货箱/S007-HYG-01/原始属性,True,,,
货箱/S007-WAT-01/原始属性,True,,,
时限/S007-WAT-01,True,3600.0,3600.0,
货箱/S007-WAT-02/原始属性,True,,,
货箱/S008-MED-01/原始属性,True,,,
时限/S008-MED-01,True,4685.423432649073,7200.0,
货箱/S008-FOD-01/原始属性,True,,,
货箱/S008-HYG-01/原始属性,True,,,
货箱/S008-WAT-01/原始属性,True,,,
时限/S008-WAT-01,True,4685.423432649073,7200.0,
货箱/S008-WAT-02/原始属性,True,,,
货箱/S009-MED-01/原始属性,True,,,
时限/S009-MED-01,True,6865.8073225052985,10800.0,
货箱/S009-FOD-01/原始属性,True,,,
货箱/S009-WAT-01/原始属性,True,,,
时限/S009-WAT-01,True,6865.8073225052985,10800.0,
货箱/S010-MED-01/原始属性,True,,,
时限/S010-MED-01,True,2954.986101835465,3600.0,
货箱/S010-FOD-01/原始属性,True,,,
货箱/S010-WAT-01/原始属性,True,,,
时限/S010-WAT-01,True,2954.986101835465,3600.0,
货箱/S011-MED-01/原始属性,True,,,
时限/S011-MED-01,True,8888.406964517031,10800.0,
货箱/S011-FOD-01/原始属性,True,,,
货箱/S011-WAT-01/原始属性,True,,,
时限/S011-WAT-01,True,8888.406964517031,10800.0,
货箱/S012-MED-01/原始属性,True,,,
时限/S012-MED-01,True,1271.3434070745934,3600.0,
货箱/S012-FOD-01/原始属性,True,,,
货箱/S012-WAT-01/原始属性,True,,,
时限/S012-WAT-01,True,1271.3434070745934,3600.0,
货箱/S013-MED-01/原始属性,True,,,
时限/S013-MED-01,True,2985.6159418547822,3600.0,
货箱/S013-FOD-01/原始属性,True,,,
货箱/S013-WAT-01/原始属性,True,,,
时限/S013-WAT-01,True,2985.6159418547822,3600.0,
货箱/S014-MED-01/原始属性,True,,,
时限/S014-MED-01,True,1242.4305043060124,3600.0,
货箱/S014-FOD-01/原始属性,True,,,
货箱/S014-WAT-01/原始属性,True,,,
时限/S014-WAT-01,True,1242.4305043060124,3600.0,
货箱/S015-MED-01/原始属性,True,,,
时限/S015-MED-01,True,6449.210570027025,7200.0,
货箱/S015-FOD-01/原始属性,True,,,
货箱/S015-WAT-01/原始属性,True,,,
时限/S015-WAT-01,True,6449.210570027025,10800.0,
逐箱交付/S001|医疗物资/时刻一致,True,"{'expected': [(2875.8251474176313, 'K000005'), (2875.8251474176313, 'K000005')], 'actual': [(2875.8251474176313, 'K000005'), (2875.8251474176313, 'K000005')]}",,
逐箱交付/S001|应急食品/时刻一致,True,"{'expected': [(2875.8251474176313, 'K000005'), (2875.8251474176313, 'K000005')], 'actual': [(2875.8251474176313, 'K000005'), (2875.8251474176313, 'K000005')]}",,
逐箱交付/S001|生活卫生用品/时刻一致,True,"{'expected': [(2875.8251474176313, 'K000005'), (8851.646934618368, 'K000019')], 'actual': [(2875.8251474176313, 'K000005'), (8851.646934618368, 'K000019')]}",,
逐箱交付/S001|饮用水/时刻一致,True,"{'expected': [(848.5768147050242, 'K001310'), (2875.8251474176313, 'K000005')], 'actual': [(848.5768147050242, 'K001310'), (2875.8251474176313, 'K000005')]}",,
逐箱交付/S002|医疗物资/时刻一致,True,"{'expected': [(1631.7285677823802, 'K000001')], 'actual': [(1631.7285677823802, 'K000001')]}",,
逐箱交付/S002|应急食品/时刻一致,True,"{'expected': [(1631.7285677823802, 'K000001'), (4624.207978264364, 'K000010')], 'actual': [(1631.7285677823802, 'K000001'), (4624.207978264364, 'K000010')]}",,
逐箱交付/S002|生活卫生用品/时刻一致,True,"{'expected': [(4624.207978264364, 'K000010')], 'actual': [(4624.207978264364, 'K000010')]}",,
逐箱交付/S002|饮用水/时刻一致,True,"{'expected': [(1631.7285677823802, 'K000001'), (1631.7285677823802, 'K000001')], 'actual': [(1631.7285677823802, 'K000001'), (1631.7285677823802, 'K000001')]}",,
逐箱交付/S003|医疗物资/时刻一致,True,"{'expected': [(6362.162597466415, 'K000012')], 'actual': [(6362.162597466415, 'K000012')]}",,
逐箱交付/S003|应急食品/时刻一致,True,"{'expected': [(6362.162597466415, 'K000012'), (8348.212515966228, 'K000017')], 'actual': [(6362.162597466415, 'K000012'), (8348.212515966228, 'K000017')]}",,
逐箱交付/S003|生活卫生用品/时刻一致,True,"{'expected': [(8348.212515966228, 'K000017')], 'actual': [(8348.212515966228, 'K000017')]}",,
逐箱交付/S003|饮用水/时刻一致,True,"{'expected': [(6362.162597466415, 'K000012'), (6362.162597466415, 'K000012')], 'actual': [(6362.162597466415, 'K000012'), (6362.162597466415, 'K000012')]}",,
逐箱交付/S004|医疗物资/时刻一致,True,"{'expected': [(6970.936554335713, 'K000015')], 'actual': [(6970.936554335713, 'K000015')]}",,
逐箱交付/S004|应急食品/时刻一致,True,"{'expected': [(6970.936554335713, 'K000015')], 'actual': [(6970.936554335713, 'K000015')]}",,
逐箱交付/S004|生活卫生用品/时刻一致,True,"{'expected': [(6970.936554335713, 'K000015')], 'actual': [(6970.936554335713, 'K000015')]}",,
逐箱交付/S004|饮用水/时刻一致,True,"{'expected': [(6970.936554335713, 'K000015'), (6970.936554335713, 'K000015')], 'actual': [(6970.936554335713, 'K000015'), (6970.936554335713, 'K000015')]}",,
逐箱交付/S005|医疗物资/时刻一致,True,"{'expected': [(8526.02081076179, 'K000018')], 'actual': [(8526.02081076179, 'K000018')]}",,
逐箱交付/S005|应急食品/时刻一致,True,"{'expected': [(8526.02081076179, 'K000018')], 'actual': [(8526.02081076179, 'K000018')]}",,
逐箱交付/S005|生活卫生用品/时刻一致,True,"{'expected': [(8526.02081076179, 'K000018')], 'actual': [(8526.02081076179, 'K000018')]}",,
逐箱交付/S005|饮用水/时刻一致,True,"{'expected': [(8526.02081076179, 'K000018'), (8526.02081076179, 'K000018')], 'actual': [(8526.02081076179, 'K000018'), (8526.02081076179, 'K000018')]}",,
逐箱交付/S006|医疗物资/时刻一致,True,"{'expected': [(1209.4213122433111, 'K000002')], 'actual': [(1209.4213122433111, 'K000002')]}",,
逐箱交付/S006|应急食品/时刻一致,True,"{'expected': [(1209.4213122433111, 'K000002')], 'actual': [(1209.4213122433111, 'K000002')]}",,
逐箱交付/S006|生活卫生用品/时刻一致,True,"{'expected': [(1209.4213122433111, 'K000002')], 'actual': [(1209.4213122433111, 'K000002')]}",,
逐箱交付/S006|饮用水/时刻一致,True,"{'expected': [(1209.4213122433111, 'K000002'), (1209.4213122433111, 'K000002')], 'actual': [(1209.4213122433111, 'K000002'), (1209.4213122433111, 'K000002')]}",,
逐箱交付/S007|医疗物资/时刻一致,True,"{'expected': [(3600.0, 'K000008')], 'actual': [(3600.0, 'K000008')]}",,
逐箱交付/S007|应急食品/时刻一致,True,"{'expected': [(3600.0, 'K000008')], 'actual': [(3600.0, 'K000008')]}",,
逐箱交付/S007|生活卫生用品/时刻一致,True,"{'expected': [(3600.0, 'K000008')], 'actual': [(3600.0, 'K000008')]}",,
逐箱交付/S007|饮用水/时刻一致,True,"{'expected': [(3600.0, 'K000008'), (3600.0, 'K000008')], 'actual': [(3600.0, 'K000008'), (3600.0, 'K000008')]}",,
逐箱交付/S008|医疗物资/时刻一致,True,"{'expected': [(4685.423432649073, 'K000009')], 'actual': [(4685.423432649073, 'K000009')]}",,
逐箱交付/S008|应急食品/时刻一致,True,"{'expected': [(4685.423432649073, 'K000009')], 'actual': [(4685.423432649073, 'K000009')]}",,
逐箱交付/S008|生活卫生用品/时刻一致,True,"{'expected': [(4685.423432649073, 'K000009')], 'actual': [(4685.423432649073, 'K000009')]}",,
逐箱交付/S008|饮用水/时刻一致,True,"{'expected': [(4685.423432649073, 'K000009'), (4685.423432649073, 'K000009')], 'actual': [(4685.423432649073, 'K000009'), (4685.423432649073, 'K000009')]}",,
逐箱交付/S009|医疗物资/时刻一致,True,"{'expected': [(6865.8073225052985, 'K000013')], 'actual': [(6865.8073225052985, 'K000013')]}",,
逐箱交付/S009|应急食品/时刻一致,True,"{'expected': [(6865.8073225052985, 'K000013')], 'actual': [(6865.8073225052985, 'K000013')]}",,
逐箱交付/S009|饮用水/时刻一致,True,"{'expected': [(6865.8073225052985, 'K000013')], 'actual': [(6865.8073225052985, 'K000013')]}",,
逐箱交付/S010|医疗物资/时刻一致,True,"{'expected': [(2954.986101835465, 'K000006')], 'actual': [(2954.986101835465, 'K000006')]}",,
逐箱交付/S010|应急食品/时刻一致,True,"{'expected': [(2954.986101835465, 'K000006')], 'actual': [(2954.986101835465, 'K000006')]}",,
逐箱交付/S010|饮用水/时刻一致,True,"{'expected': [(2954.986101835465, 'K000006')], 'actual': [(2954.986101835465, 'K000006')]}",,
逐箱交付/S011|医疗物资/时刻一致,True,"{'expected': [(8888.406964517031, 'K000016')], 'actual': [(8888.406964517031, 'K000016')]}",,
逐箱交付/S011|应急食品/时刻一致,True,"{'expected': [(8888.406964517031, 'K000016')], 'actual': [(8888.406964517031, 'K000016')]}",,
逐箱交付/S011|饮用水/时刻一致,True,"{'expected': [(8888.406964517031, 'K000016')], 'actual': [(8888.406964517031, 'K000016')]}",,
逐箱交付/S012|医疗物资/时刻一致,True,"{'expected': [(1271.3434070745934, 'K000003')], 'actual': [(1271.3434070745934, 'K000003')]}",,
逐箱交付/S012|应急食品/时刻一致,True,"{'expected': [(1271.3434070745934, 'K000003')], 'actual': [(1271.3434070745934, 'K000003')]}",,
逐箱交付/S012|饮用水/时刻一致,True,"{'expected': [(1271.3434070745934, 'K000003')], 'actual': [(1271.3434070745934, 'K000003')]}",,
逐箱交付/S013|医疗物资/时刻一致,True,"{'expected': [(2985.6159418547822, 'K000007')], 'actual': [(2985.6159418547822, 'K000007')]}",,
逐箱交付/S013|应急食品/时刻一致,True,"{'expected': [(2985.6159418547822, 'K000007')], 'actual': [(2985.6159418547822, 'K000007')]}",,
逐箱交付/S013|饮用水/时刻一致,True,"{'expected': [(2985.6159418547822, 'K000007')], 'actual': [(2985.6159418547822, 'K000007')]}",,
逐箱交付/S014|医疗物资/时刻一致,True,"{'expected': [(1242.4305043060124, 'K000004')], 'actual': [(1242.4305043060124, 'K000004')]}",,
逐箱交付/S014|应急食品/时刻一致,True,"{'expected': [(1242.4305043060124, 'K000004')], 'actual': [(1242.4305043060124, 'K000004')]}",,
逐箱交付/S014|饮用水/时刻一致,True,"{'expected': [(1242.4305043060124, 'K000004')], 'actual': [(1242.4305043060124, 'K000004')]}",,
逐箱交付/S015|医疗物资/时刻一致,True,"{'expected': [(6449.210570027025, 'K000014')], 'actual': [(6449.210570027025, 'K000014')]}",,
逐箱交付/S015|应急食品/时刻一致,True,"{'expected': [(6449.210570027025, 'K000014')], 'actual': [(6449.210570027025, 'K000014')]}",,
逐箱交付/S015|饮用水/时刻一致,True,"{'expected': [(6449.210570027025, 'K000014')], 'actual': [(6449.210570027025, 'K000014')]}",,
中继架次非空,True,4,,
中继槽位唯一,True,,,
中继无人机库存,True,"['R01', 'R02']",2,
中继能源组件库存,True,3,6,
中继/Q3-R001/离地高度,True,300.0,300.0,
中继/Q3-R001/位置与编号,True,,,
中继/Q3-R001/回传链路,True,10.978824655493412,0.0,
中继/Q3-R001/takeoff重算,True,"{'stored': 608.2224676063638, 'recomputed': 608.2224676063638}",,
中继/Q3-R001/arrival重算,True,"{'stored': 1161.0014407071867, 'recomputed': 1161.0014407071867}",,
中继/Q3-R001/alpha重算,True,"{'stored': 1191.0014407071867, 'recomputed': 1191.0014407071867}",,
中继/Q3-R001/finish重算,True,"{'stored': 9165.85322827993, 'recomputed': 9165.85322827993}",,
中继/Q3-R001/服务能量,True,2.56,2.56,
中继/Q3-R001/返航能量余量,True,2.56,2.56,
中继/Q3-R001/充电时间,True,"{'stored': 1540.0, 'recomputed': 1540.0}",,
中继/Q3-R001/服务结束,True,,,
中继/Q3-R001/SOC,True,,,
中继/Q3-R001/资源完成,True,,,
中继/Q3-R004/离地高度,True,300.0,300.0,
中继/Q3-R004/位置与编号,True,,,
中继/Q3-R004/回传链路,True,3.6748289855268013,0.0,
中继/Q3-R004/takeoff重算,True,"{'stored': 311.59422923524346, 'recomputed': 311.59422923524346}",,
中继/Q3-R004/arrival重算,True,"{'stored': 708.2303552059602, 'recomputed': 708.2303552059602}",,
中继/Q3-R004/alpha重算,True,"{'stored': 738.2303552059602, 'recomputed': 738.2303552059602}",,
中继/Q3-R004/finish重算,True,"{'stored': 3504.302639989341, 'recomputed': 3504.302639989341}",,
中继/Q3-R004/服务能量,True,0.9385653074937479,0.9385653074937479,
中继/Q3-R004/返航能量余量,True,0.9385653074937479,2.56,
中继/Q3-R004/充电时间,True,"{'stored': 881.2921561693352, 'recomputed': 881.2921561693352}",,
中继/Q3-R004/服务结束,True,,,
中继/Q3-R004/SOC,True,,,
中继/Q3-R004/资源完成,True,,,
中继/Q3-R005/离地高度,True,300.0,300.0,
中继/Q3-R005/位置与编号,True,,,
中继/Q3-R005/回传链路,True,10.187934124130948,0.0,
中继/Q3-R005/takeoff重算,True,"{'stored': 5923.706359200023, 'recomputed': 5923.706359200023}",,
中继/Q3-R005/arrival重算,True,"{'stored': 6451.643655150727, 'recomputed': 6451.643655150727}",,
中继/Q3-R005/alpha重算,True,"{'stored': 6481.643655150727, 'recomputed': 6481.643655150727}",,
中继/Q3-R005/finish重算,True,"{'stored': 7572.866928492798, 'recomputed': 7572.866928492798}",,
中继/Q3-R005/服务能量,True,0.4723718190577374,0.4723718190577374,
中继/Q3-R005/返航能量余量,True,0.4723718190577374,2.56,
中继/Q3-R005/充电时间,True,"{'stored': 691.9010514922057, 'recomputed': 691.9010514922057}",,
中继/Q3-R005/服务结束,True,,,
中继/Q3-R005/SOC,True,,,
中继/Q3-R005/资源完成,True,,,
中继/Q3-R006/离地高度,True,300.0,300.0,
中继/Q3-R006/位置与编号,True,,,
中继/Q3-R006/回传链路,True,15.70845122308394,0.0,
中继/Q3-R006/takeoff重算,True,"{'stored': 8163.750512680713, 'recomputed': 8163.750512680713}",,
中继/Q3-R006/arrival重算,True,"{'stored': 8484.263064323573, 'recomputed': 8484.263064323573}",,
中继/Q3-R006/alpha重算,True,"{'stored': 8514.263064323573, 'recomputed': 8514.263064323573}",,
中继/Q3-R006/finish重算,True,"{'stored': 9025.540236791234, 'recomputed': 9025.540236791234}",,
中继/Q3-R006/服务能量,True,0.23160538742692854,0.23160538742692854,
中继/Q3-R006/返航能量余量,True,0.23160538742692854,2.56,
中继/Q3-R006/充电时间,True,"{'stored': 455.97310649676575, 'recomputed': 455.97310649676575}",,
中继/Q3-R006/服务结束,True,,,
中继/Q3-R006/SOC,True,,,
中继/Q3-R006/资源完成,True,,,
资源/R01/中继机体不重叠,True,0,,
资源/R02/中继机体不重叠,True,0,,
资源/R-EC-01/能源组件不重叠,True,0,,
资源/R-EC-02/能源组件不重叠,True,0,,
资源/R-EC-03/能源组件不重叠,True,0,,
目标值重算,True,"{'stored': [24.0, 65.12006866674481, 9170.432679280624, 465.25841077498995], 'recomputed': [24, 65.12006866674481, 9170.432679280622, 465.25841077498995]}",,
