任务,阶段,阶段目标,状态,已有可行解,最优性认证,下界,上界,相对界差,实际求解秒,变量数,约束数,模型时域s,阈值,先前阶段全部认证,种子
global_anchor_N,1,"[1.0, 0.0, 0.0, 0.0]",Optimal,True,True,20,20,0,17.2177017,55230,694828,368611.718476,{},,202600
global_anchor_E,1,"[0.0, 1.0, 0.0, 0.0]",Time limit reached,True,False,60.7038082528,60.7049721691,1.91733280063e-05,212.1566233,55230,694828,368611.718476,{},,202601
global_anchor_C,1,"[0.0, 0.0, 1.0, 0.0]",Time limit reached,True,False,6006.72574494,7567.09409694,0.206204433566,70.4929656,55230,694829,7567.09409694,"{""C"": 7567.094096939377}",,202602
global_anchor_L,1,"[0.0, 0.0, 0.0, 1.0]",Time limit reached,True,False,0,61.5163843008,1,26.7369592,55230,694828,368611.718476,{},,202603
global_epsilon_0_0,1,C,Infeasible,False,False,,,,3.3182021,55230,694835,368611.718476,"{""N"": 19, ""E"": 88.48478697348887, ""L"": 520.7998072166125}",True,202700
global_epsilon_0_1,1,C,Time limit reached,True,False,,9163.54886305,,12.5637602,55230,694835,368611.718476,"{""N"": 35, ""E"": 74.59487957131364, ""L"": 520.7998072166125}",True,202700
global_epsilon_0_1,2,L,Time limit reached,True,False,,520.799807217,,11.8902411,55230,694836,368611.718476,"{""N"": 35, ""E"": 74.59487957131364, ""L"": 520.7998072166125}",False,202700
global_epsilon_0_1,3,E,Time limit reached,True,False,,60.7049721691,,10.3579051,55230,694837,368611.718476,"{""N"": 35, ""E"": 74.59487957131364, ""L"": 520.7998072166125}",False,202700
global_epsilon_0_1,4,N,Optimal,True,True,20,20,0,8.5701139,55230,694838,368611.718476,"{""N"": 35, ""E"": 74.59487957131364, ""L"": 520.7998072166125}",False,202700
global_epsilon_0_2,1,C,Time limit reached,True,False,,7567.09409694,,12.4517362,55230,694835,368611.718476,"{""N"": 35, ""E"": 88.48478697348887, ""L"": 291.15809575872606}",True,202700
global_epsilon_0_2,2,L,Time limit reached,True,False,,200.565886509,,11.9497829,55230,694836,368611.718476,"{""N"": 35, ""E"": 88.48478697348887, ""L"": 291.15809575872606}",False,202700
global_epsilon_0_2,3,E,Time limit reached,True,False,,75.711315969,,10.3452277,55230,694837,368611.718476,"{""N"": 35, ""E"": 88.48478697348887, ""L"": 291.15809575872606}",False,202700
global_epsilon_0_2,4,N,Time limit reached,True,False,0,28,1,8.81626659998,55230,694838,368611.718476,"{""N"": 35, ""E"": 88.48478697348887, ""L"": 291.15809575872606}",False,202700
global_epsilon_0_3,1,C,Time limit reached,False,False,,,,12.5212211,55230,694835,368611.718476,"{""N"": 35, ""E"": 88.48478697348887, ""L"": 0.0}",True,202700
global_preference_0_LP,1,"[0.006666666666666665, 0.008999340051786405, 0.00015659698308187093, 0.0008709219188896246]",Time limit reached,False,False,,,,21.3281696,55230,694832,368611.718476,{},,202900
global_preference_1_LP,1,"[0.006666666666666665, 0.008999340051786405, 0.0002505551729309935, 0.0005443261993060154]",Time limit reached,False,False,,,,21.3321042,55230,694832,368611.718476,{},,202901
global_preference_2_LP,1,"[0.006666666666666665, 0.014398944082858248, 0.00015659698308187093, 0.0005443261993060154]",Time limit reached,False,False,,,,21.3913242,55230,694832,368611.718476,{},,202902
global_preference_3_LP,1,"[0.016666666666666666, 0.0035997360207145612, 0.00015659698308187093, 0.0008709219188896246]",Time limit reached,False,False,,,,21.3446364,55230,694832,368611.718476,{},,202903
global_preference_4_LP,1,"[0.016666666666666666, 0.0035997360207145612, 0.0002505551729309935, 0.0005443261993060154]",Time limit reached,False,False,,,,21.1213737,55230,694832,368611.718476,{},,202904
global_preference_5_LP,1,"[0.016666666666666666, 0.008999340051786405, 6.263879323274836e-05, 0.0008709219188896246]",Time limit reached,False,False,,,,21.1639099,55230,694832,368611.718476,{},,202905
global_preference_6_LP,1,"[0.016666666666666666, 0.008999340051786405, 0.0002505551729309935, 0.0002177304797224061]",Time limit reached,False,False,,,,21.1340436,55230,694832,368611.718476,{},,202906
global_preference_7_LP,1,"[0.016666666666666666, 0.014398944082858248, 6.263879323274836e-05, 0.0005443261993060154]",Time limit reached,False,False,,,,21.1244418,55230,694832,368611.718476,{},,202907
global_preference_8_LP,1,"[0.016666666666666666, 0.014398944082858248, 0.00015659698308187093, 0.0002177304797224061]",Optimal,False,True,2.4184879558,,,18.1534384,55230,694832,368611.718476,{},,202908
global_preference_9_LP,1,"[0.02666666666666667, 0.0035997360207145612, 0.00015659698308187093, 0.0005443261993060154]",Optimal,False,True,1.90721536998,,,16.0335414,55230,694832,368611.718476,{},,202909
global_preference_10_LP,1,"[0.02666666666666667, 0.008999340051786405, 6.263879323274836e-05, 0.0005443261993060154]",Optimal,False,True,1.60180038552,,,17.6936447,55230,694832,368611.718476,{},,202910
global_preference_11_LP,1,"[0.02666666666666667, 0.008999340051786405, 0.00015659698308187093, 0.0002177304797224061]",Optimal,False,True,2.29683714987,,,18.0649351,55230,694832,368611.718476,{},,202911
global_preference_0,1,"[0.006666666666666665, 0.008999340051786405, 0.00015659698308187093, 0.0008709219188896246]",Time limit reached,True,False,1.78528474304,2.21115403259,0.192600462597,218.8293559,55230,694833,14120.0295858,"{""C"": 14120.029585783082}",,202900
global_preference_1,1,"[0.006666666666666665, 0.008999340051786405, 0.0002505551729309935, 0.0005443261993060154]",Time limit reached,True,False,2.37048141899,2.8731663816,0.17495852862,217.7039959,55230,694833,11467.2004193,"{""C"": 11467.20041934419}",,202901
global_preference_2,1,"[0.006666666666666665, 0.014398944082858248, 0.00015659698308187093, 0.0005443261993060154]",Time limit reached,True,False,2.18743086011,2.54424823896,0.140244718806,237.9711197,55230,694833,16247.108919,"{""C"": 16247.10891903026}",,202902
global_preference_3,1,"[0.016666666666666666, 0.0035997360207145612, 0.00015659698308187093, 0.0008709219188896246]",Time limit reached,True,False,1.66025559914,2.09719025718,0.208342879978,220.2535189,55230,694833,13392.2775361,"{""C"": 13392.277536104804}",,202903
global_preference_4,1,"[0.016666666666666666, 0.0035997360207145612, 0.0002505551729309935, 0.0005443261993060154]",Time limit reached,True,False,2.21678484341,2.74435525469,0.192238381086,113.0708368,55230,694833,10953.0975757,"{""C"": 10953.097575659012}",,202904
global_preference_5,1,"[0.016666666666666666, 0.008999340051786405, 6.263879323274836e-05, 0.0008709219188896246]",Time limit reached,True,False,1.40851840166,1.60277909894,0.121202414862,137.4542034,55230,694833,25587.6433252,"{""C"": 25587.64332524806}",,202905
global_preference_6,1,"[0.016666666666666666, 0.008999340051786405, 0.0002505551729309935, 0.0002177304797224061]",Time limit reached,True,False,2.62628698826,3.08766242157,0.149425478019,113.6745876,55230,694833,12323.2834827,"{""C"": 12323.283482656647}",,202906
global_preference_7,1,"[0.016666666666666666, 0.014398944082858248, 6.263879323274836e-05, 0.0005443261993060154]",Time limit reached,True,False,1.74102056737,1.92208811798,0.094203563781,132.0458526,55230,694833,30685.2673784,"{""C"": 30685.267378441065}",,202907
global_preference_8,1,"[0.016666666666666666, 0.014398944082858248, 0.00015659698308187093, 0.0002177304797224061]",Time limit reached,True,False,2.44542822594,2.73838757237,0.106982426223,157.4224592,55230,694833,17486.8475755,"{""C"": 17486.847575494452}",,202908
global_preference_9,1,"[0.02666666666666667, 0.0035997360207145612, 0.00015659698308187093, 0.0005443261993060154]",Time limit reached,True,False,1.93431979187,2.31336479093,0.163850076973,140.1436466,55230,694833,14772.7289949,"{""C"": 14772.728994937572}",,202909
global_preference_10,1,"[0.02666666666666667, 0.008999340051786405, 6.263879323274836e-05, 0.0005443261993060154]",Time limit reached,True,False,1.61851840166,1.8105080206,0.106041849448,168.6974291,55230,694833,28903.9415957,"{""C"": 28903.941595734872}",,202910
global_preference_11,1,"[0.02666666666666667, 0.008999340051786405, 0.00015659698308187093, 0.0002177304797224061]",Time limit reached,True,False,2.33501724533,2.62680747499,0.111081696101,185.2501815,55230,694833,16774.3172624,"{""C"": 16774.317262411976}",,202911
global_final_dominance_check,1,"[0.06666666666666667, 0.03599736020714562, 0.0006263879323274837, 0.0021773047972240616]",Time limit reached,True,False,8.2687108264,9.76870367132,0.1535508595,150.5603629,55230,694832,7567.09409694,"{""N"": 28, ""E"": 75.71131596897939, ""C"": 7567.094096939377, ""L"": 200.565886509374}",,203500
