job,seed,route_master,schedule,status,verification,errors
完成时间基准,202603,"{'stage': 'route_master', 'status': 0, 'message': 'Optimization terminated successfully. (HiGHS Status 7: Optimal)', 'has_incumbent': True, 'success': True, 'objective': 12.451573957175425, 'lower_bound': 12.451573957175425, 'mip_gap': 0.0, 'nodes': 1, 'capN': None, 'capE': None, 'seed': 202603, 'candidates': 1724, 'accepted': True, 'selected_routes': 20}","[{'stage': 'C', 'status': 2, 'message': 'The problem is infeasible. (HiGHS Status 8: model_status is Infeasible; primal_status is None)', 'has_incumbent': False, 'success': False, 'optimal': False, 'objective': None, 'lower_bound': None, 'mip_gap': None, 'nodes': 0, 'capC': None, 'capL': None, 'variables': 1318, 'constraints': 2960, 'horizon': 81514.03721438526, 'seed': 202603}]",no_schedule_incumbent,,
能耗基准,202602,"{'stage': 'route_master', 'status': 0, 'message': 'Optimization terminated successfully. (HiGHS Status 7: Optimal)', 'has_incumbent': True, 'success': True, 'objective': 17.08240895306641, 'lower_bound': 17.08240895306641, 'mip_gap': 0.0, 'nodes': 1, 'capN': None, 'capE': None, 'seed': 202602, 'candidates': 1724, 'accepted': True, 'selected_routes': 20}","[{'stage': 'C', 'status': 1, 'message': 'Time limit reached. (HiGHS Status 13: Time limit reached)', 'has_incumbent': True, 'success': False, 'optimal': False, 'objective': 10030.44593293772, 'lower_bound': 4015.442864435243, 'mip_gap': 0.5996745417619535, 'nodes': 2366, 'capC': None, 'capL': None, 'variables': 1318, 'constraints': 2960, 'horizon': 81601.18179050676, 'seed': 202602, 'matrix_residual': 6.821210263296962e-13, 'integer_error': 7.216449660063518e-16, 'accepted': True}, {'stage': 'L', 'status': 1, 'message': 'Time limit reached. (HiGHS Status 13: Time limit reached)', 'has_incumbent': True, 'success': False, 'optimal': False, 'objective': 531.9583147042888, 'lower_bound': 0.0, 'mip_gap': 1.0, 'nodes': 1119, 'capC': 10030.44593293772, 'capL': None, 'variables': 1318, 'constraints': 2961, 'horizon': 81601.18179050676, 'seed': 202603, 'matrix_residual': 2.220446049250313e-16, 'integer_error': 1.164417955851486e-16, 'accepted': True}]",feasible,"{'route_physics': True, 'unique_coverage': True, 'destination': True, 'hard_deadlines': True, 'delivery_rebuild': True, 'uav_nonoverlap': True, 'battery_nonoverlap': True, 'soc': True, 'objective': True, 'all': True}",[]
及时性基准,202604,"{'stage': 'route_master', 'status': 0, 'message': 'Optimization terminated successfully. (HiGHS Status 7: Optimal)', 'has_incumbent': True, 'success': True, 'objective': 4.0596579751294595, 'lower_bound': 4.0596579751294595, 'mip_gap': 0.0, 'nodes': 1, 'capN': None, 'capE': None, 'seed': 202604, 'candidates': 1724, 'accepted': True, 'selected_routes': 20}","[{'stage': 'C', 'status': 1, 'message': 'Time limit reached. (HiGHS Status 13: Time limit reached)', 'has_incumbent': True, 'success': False, 'optimal': False, 'objective': 9973.41234449048, 'lower_bound': 3997.7303355858803, 'mip_gap': 0.5991612301285919, 'nodes': 1831, 'capC': None, 'capL': None, 'variables': 1318, 'constraints': 2960, 'horizon': 81601.18179050676, 'seed': 202604, 'matrix_residual': 9.094947017729282e-13, 'integer_error': 1.1102230246251565e-16, 'accepted': True}, {'stage': 'L', 'status': 1, 'message': 'Time limit reached. (HiGHS Status 13: Time limit reached)', 'has_incumbent': True, 'success': False, 'optimal': False, 'objective': 590.4904907732091, 'lower_bound': 0.0, 'mip_gap': 1.0, 'nodes': 1233, 'capC': 9973.41234449048, 'capL': None, 'variables': 1318, 'constraints': 2961, 'horizon': 81601.18179050676, 'seed': 202605, 'matrix_residual': 2.1827872842550278e-10, 'integer_error': 4.070824601125489e-13, 'accepted': True}]",feasible,"{'route_physics': True, 'unique_coverage': True, 'destination': True, 'hard_deadlines': True, 'delivery_rebuild': True, 'uav_nonoverlap': True, 'battery_nonoverlap': True, 'soc': True, 'objective': True, 'all': True}",[]
架次数基准,202601,"{'stage': 'route_master', 'status': 0, 'message': 'Optimization terminated successfully. (HiGHS Status 7: Optimal)', 'has_incumbent': True, 'success': True, 'objective': 18.129461476705394, 'lower_bound': 18.129461476705394, 'mip_gap': 0.0, 'nodes': 1, 'capN': None, 'capE': None, 'seed': 202601, 'candidates': 1724, 'accepted': True, 'selected_routes': 20}","[{'stage': 'C', 'status': 1, 'message': 'Time limit reached. (HiGHS Status 13: Time limit reached)', 'has_incumbent': True, 'success': False, 'optimal': False, 'objective': 9831.92659691419, 'lower_bound': 3300.294846849217, 'mip_gap': 0.6643287748013665, 'nodes': 1093, 'capC': None, 'capL': None, 'variables': 1318, 'constraints': 2960, 'horizon': 81601.18179050676, 'seed': 202601, 'matrix_residual': 4.547473508864641e-13, 'integer_error': 0.0, 'accepted': True}, {'stage': 'L', 'status': 1, 'message': 'Time limit reached. (HiGHS Status 13: Time limit reached)', 'has_incumbent': True, 'success': False, 'optimal': False, 'objective': 507.28666651219095, 'lower_bound': 0.0, 'mip_gap': 1.0, 'nodes': 1586, 'capC': 9831.92659691419, 'capL': None, 'variables': 1318, 'constraints': 2961, 'horizon': 81601.18179050676, 'seed': 202602, 'matrix_residual': 0.0, 'integer_error': 0.0, 'accepted': True}]",feasible,"{'route_physics': True, 'unique_coverage': True, 'destination': True, 'hard_deadlines': True, 'delivery_rebuild': True, 'uav_nonoverlap': True, 'battery_nonoverlap': True, 'soc': True, 'objective': True, 'all': True}",[]
等权基准,202605,"{'stage': 'route_master', 'status': 0, 'message': 'Optimization terminated successfully. (HiGHS Status 7: Optimal)', 'has_incumbent': True, 'success': True, 'objective': 12.649144937823642, 'lower_bound': 12.649144937823642, 'mip_gap': 0.0, 'nodes': 1, 'capN': None, 'capE': None, 'seed': 202605, 'candidates': 1724, 'accepted': True, 'selected_routes': 20}","[{'stage': 'C', 'status': 1, 'message': 'Time limit reached. (HiGHS Status 13: Time limit reached)', 'has_incumbent': True, 'success': False, 'optimal': False, 'objective': 9864.685367659045, 'lower_bound': 2436.1777110992607, 'mip_gap': 0.7530405055708957, 'nodes': 1514, 'capC': None, 'capL': None, 'variables': 1318, 'constraints': 2960, 'horizon': 81601.18179050676, 'seed': 202605, 'matrix_residual': 4.547473508864641e-13, 'integer_error': 6.217248937900877e-15, 'accepted': True}, {'stage': 'L', 'status': 1, 'message': 'Time limit reached. (HiGHS Status 13: Time limit reached)', 'has_incumbent': True, 'success': False, 'optimal': False, 'objective': 409.11547823802186, 'lower_bound': 0.0, 'mip_gap': 1.0, 'nodes': 1420, 'capC': 9864.685367659045, 'capL': None, 'variables': 1318, 'constraints': 2961, 'horizon': 81601.18179050676, 'seed': 202606, 'matrix_residual': 0.0, 'integer_error': 1.1102230246251565e-16, 'accepted': True}]",feasible,"{'route_physics': True, 'unique_coverage': True, 'destination': True, 'hard_deadlines': True, 'delivery_rebuild': True, 'uav_nonoverlap': True, 'battery_nonoverlap': True, 'soc': True, 'objective': True, 'all': True}",[]
随机偏好01,202606,"{'stage': 'route_master', 'status': 0, 'message': 'Optimization terminated successfully. (HiGHS Status 7: Optimal)', 'has_incumbent': True, 'success': True, 'objective': 11.515920650823835, 'lower_bound': 11.515920650823835, 'mip_gap': 0.0, 'nodes': 1, 'capN': None, 'capE': None, 'seed': 202606, 'candidates': 1724, 'accepted': True, 'selected_routes': 20}","[{'stage': 'C', 'status': 1, 'message': 'Time limit reached. (HiGHS Status 13: Time limit reached)', 'has_incumbent': True, 'success': False, 'optimal': False, 'objective': 10235.287313615627, 'lower_bound': 4343.778409509954, 'mip_gap': 0.5756075744223041, 'nodes': 1364, 'capC': None, 'capL': None, 'variables': 1318, 'constraints': 2960, 'horizon': 81658.9615329403, 'seed': 202606, 'matrix_residual': 5.9117155615240335e-12, 'integer_error': 8.881784197001252e-16, 'accepted': True}, {'stage': 'L', 'status': 1, 'message': 'Time limit reached. (HiGHS Status 13: Time limit reached)', 'has_incumbent': True, 'success': False, 'optimal': False, 'objective': 465.32460759497826, 'lower_bound': 0.0, 'mip_gap': 1.0, 'nodes': 1529, 'capC': 10235.287313615632, 'capL': None, 'variables': 1318, 'constraints': 2961, 'horizon': 81658.9615329403, 'seed': 202607, 'matrix_residual': 1.4551915228366852e-09, 'integer_error': 1.942890293094024e-14, 'accepted': True}]",feasible,"{'route_physics': True, 'unique_coverage': True, 'destination': True, 'hard_deadlines': True, 'delivery_rebuild': True, 'uav_nonoverlap': True, 'battery_nonoverlap': True, 'soc': True, 'objective': True, 'all': True}",[]
随机偏好02,202607,"{'stage': 'route_master', 'status': 0, 'message': 'Optimization terminated successfully. (HiGHS Status 7: Optimal)', 'has_incumbent': True, 'success': True, 'objective': 14.837062983102523, 'lower_bound': 14.837062983102523, 'mip_gap': 0.0, 'nodes': 1, 'capN': None, 'capE': None, 'seed': 202607, 'candidates': 1724, 'accepted': True, 'selected_routes': 20}","[{'stage': 'C', 'status': 1, 'message': 'Time limit reached. (HiGHS Status 13: Time limit reached)', 'has_incumbent': True, 'success': False, 'optimal': False, 'objective': 9825.930625107469, 'lower_bound': 4064.893660818162, 'mip_gap': 0.5863095501171725, 'nodes': 1537, 'capC': None, 'capL': None, 'variables': 1318, 'constraints': 2960, 'horizon': 81658.9615329403, 'seed': 202607, 'matrix_residual': 1.6007106751203537e-10, 'integer_error': 1.8053750779295783e-14, 'accepted': True}, {'stage': 'L', 'status': 1, 'message': 'Time limit reached. (HiGHS Status 13: model_status is Time limit reached; primal_status is None)', 'has_incumbent': False, 'success': False, 'optimal': False, 'objective': None, 'lower_bound': None, 'mip_gap': None, 'nodes': 0, 'capC': 9825.930625107467, 'capL': None, 'variables': 1318, 'constraints': 2961, 'horizon': 81658.9615329403, 'seed': 202608}]",feasible,"{'route_physics': True, 'unique_coverage': True, 'destination': True, 'hard_deadlines': True, 'delivery_rebuild': True, 'uav_nonoverlap': True, 'battery_nonoverlap': True, 'soc': True, 'objective': True, 'all': True}",[]
随机偏好03,202608,"{'stage': 'route_master', 'status': 0, 'message': 'Optimization terminated successfully. (HiGHS Status 7: Optimal)', 'has_incumbent': True, 'success': True, 'objective': 10.569736499875315, 'lower_bound': 10.569736499875315, 'mip_gap': 0.0, 'nodes': 1, 'capN': None, 'capE': None, 'seed': 202608, 'candidates': 1724, 'accepted': True, 'selected_routes': 20}","[{'stage': 'C', 'status': 1, 'message': 'Time limit reached. (HiGHS Status 13: Time limit reached)', 'has_incumbent': True, 'success': False, 'optimal': False, 'objective': 9631.68262921339, 'lower_bound': 4348.6179139553815, 'mip_gap': 0.548509011212039, 'nodes': 2004, 'capC': None, 'capL': None, 'variables': 1318, 'constraints': 2960, 'horizon': 81658.9615329403, 'seed': 202608, 'matrix_residual': 2.886579864025407e-15, 'integer_error': 2.1094237467877974e-15, 'accepted': True}, {'stage': 'L', 'status': 1, 'message': 'Time limit reached. (HiGHS Status 13: model_status is Time limit reached; primal_status is None)', 'has_incumbent': False, 'success': False, 'optimal': False, 'objective': None, 'lower_bound': None, 'mip_gap': None, 'nodes': 0, 'capC': 9631.68262921339, 'capL': None, 'variables': 1318, 'constraints': 2961, 'horizon': 81658.9615329403, 'seed': 202609}]",feasible,"{'route_physics': True, 'unique_coverage': True, 'destination': True, 'hard_deadlines': True, 'delivery_rebuild': True, 'uav_nonoverlap': True, 'battery_nonoverlap': True, 'soc': True, 'objective': True, 'all': True}",[]
随机偏好04,202609,"{'stage': 'route_master', 'status': 0, 'message': 'Optimization terminated successfully. (HiGHS Status 7: Optimal)', 'has_incumbent': True, 'success': True, 'objective': 16.21193655067218, 'lower_bound': 16.21193655067218, 'mip_gap': 0.0, 'nodes': 1, 'capN': None, 'capE': None, 'seed': 202609, 'candidates': 1724, 'accepted': True, 'selected_routes': 20}","[{'stage': 'C', 'status': 1, 'message': 'Time limit reached. (HiGHS Status 13: Time limit reached)', 'has_incumbent': True, 'success': False, 'optimal': False, 'objective': 10129.017377092028, 'lower_bound': 2436.1777110992607, 'mip_gap': 0.7594852866370864, 'nodes': 1915, 'capC': None, 'capL': None, 'variables': 1318, 'constraints': 2960, 'horizon': 81658.9615329403, 'seed': 202609, 'matrix_residual': 2.473825588822365e-10, 'integer_error': 4.154084483805794e-15, 'accepted': True}, {'stage': 'L', 'status': 1, 'message': 'Time limit reached. (HiGHS Status 13: Time limit reached)', 'has_incumbent': True, 'success': False, 'optimal': False, 'objective': 542.1593869434201, 'lower_bound': 27.484702425271344, 'mip_gap': 0.9493051248633279, 'nodes': 1029, 'capC': 10129.017377092028, 'capL': None, 'variables': 1318, 'constraints': 2961, 'horizon': 81658.9615329403, 'seed': 202610, 'matrix_residual': 9.094947017729282e-13, 'integer_error': 2.220446049250313e-16, 'accepted': True}]",feasible,"{'route_physics': True, 'unique_coverage': True, 'destination': True, 'hard_deadlines': True, 'delivery_rebuild': True, 'uav_nonoverlap': True, 'battery_nonoverlap': True, 'soc': True, 'objective': True, 'all': True}",[]
随机偏好05,202610,"{'stage': 'route_master', 'status': 0, 'message': 'Optimization terminated successfully. (HiGHS Status 7: Optimal)', 'has_incumbent': True, 'success': True, 'objective': 12.674533373210187, 'lower_bound': 12.674533373210187, 'mip_gap': 0.0, 'nodes': 1, 'capN': None, 'capE': None, 'seed': 202610, 'candidates': 1724, 'accepted': True, 'selected_routes': 20}","[{'stage': 'C', 'status': 2, 'message': 'The problem is infeasible. (HiGHS Status 8: model_status is Infeasible; primal_status is None)', 'has_incumbent': False, 'success': False, 'optimal': False, 'objective': None, 'lower_bound': None, 'mip_gap': None, 'nodes': 0, 'capC': None, 'capL': None, 'variables': 1318, 'constraints': 2960, 'horizon': 81595.35632377485, 'seed': 202610}]",no_schedule_incumbent,,
随机偏好07,202602,"{'stage': 'route_master', 'status': 0, 'message': 'Optimization terminated successfully. (HiGHS Status 7: Optimal)', 'has_incumbent': True, 'success': True, 'objective': 12.804398117683082, 'lower_bound': 12.804398117683082, 'mip_gap': 0.0, 'nodes': 1, 'capN': None, 'capE': None, 'seed': 202602, 'candidates': 1724, 'accepted': True, 'selected_routes': 20}","[{'stage': 'C', 'status': 1, 'message': 'Time limit reached. (HiGHS Status 13: Time limit reached)', 'has_incumbent': True, 'success': False, 'optimal': False, 'objective': 9773.118887895405, 'lower_bound': 4128.352756961288, 'mip_gap': 0.5775808312252805, 'nodes': 2407, 'capC': None, 'capL': None, 'variables': 1318, 'constraints': 2960, 'horizon': 81658.9615329403, 'seed': 202602, 'matrix_residual': 6.821210263296962e-13, 'integer_error': 3.5638159090467525e-14, 'accepted': True}, {'stage': 'L', 'status': 1, 'message': 'Time limit reached. (HiGHS Status 13: model_status is Time limit reached; primal_status is None)', 'has_incumbent': False, 'success': False, 'optimal': False, 'objective': None, 'lower_bound': None, 'mip_gap': None, 'nodes': 0, 'capC': 9773.118887895405, 'capL': None, 'variables': 1318, 'constraints': 2961, 'horizon': 81658.9615329403, 'seed': 202603}]",feasible,"{'route_physics': True, 'unique_coverage': True, 'destination': True, 'hard_deadlines': True, 'delivery_rebuild': True, 'uav_nonoverlap': True, 'battery_nonoverlap': True, 'soc': True, 'objective': True, 'all': True}",[]
随机偏好06,202601,"{'stage': 'route_master', 'status': 0, 'message': 'Optimization terminated successfully. (HiGHS Status 7: Optimal)', 'has_incumbent': True, 'success': True, 'objective': 15.097970034019374, 'lower_bound': 15.097970034019374, 'mip_gap': 0.0, 'nodes': 1, 'capN': None, 'capE': None, 'seed': 202601, 'candidates': 1724, 'accepted': True, 'selected_routes': 20}","[{'stage': 'C', 'status': 1, 'message': 'Time limit reached. (HiGHS Status 13: Time limit reached)', 'has_incumbent': True, 'success': False, 'optimal': False, 'objective': 9834.117832942291, 'lower_bound': 3488.3891726807424, 'mip_gap': 0.6452768583883194, 'nodes': 1985, 'capC': None, 'capL': None, 'variables': 1318, 'constraints': 2960, 'horizon': 81658.9615329403, 'seed': 202601, 'matrix_residual': 1.7898855730891228e-09, 'integer_error': 4.7102968798042645e-14, 'accepted': True}, {'stage': 'L', 'status': 1, 'message': 'Time limit reached. (HiGHS Status 13: Time limit reached)', 'has_incumbent': True, 'success': False, 'optimal': False, 'objective': 704.023411370874, 'lower_bound': 0.0, 'mip_gap': 1.0, 'nodes': 1290, 'capC': 9834.117832942291, 'capL': None, 'variables': 1318, 'constraints': 2961, 'horizon': 81658.9615329403, 'seed': 202602, 'matrix_residual': 1.7763568394002505e-15, 'integer_error': 1.7763568394002505e-15, 'accepted': True}]",feasible,"{'route_physics': True, 'unique_coverage': True, 'destination': True, 'hard_deadlines': True, 'delivery_rebuild': True, 'uav_nonoverlap': True, 'battery_nonoverlap': True, 'soc': True, 'objective': True, 'all': True}",[]
随机偏好08,202603,"{'stage': 'route_master', 'status': 0, 'message': 'Optimization terminated successfully. (HiGHS Status 7: Optimal)', 'has_incumbent': True, 'success': True, 'objective': 11.341036430871227, 'lower_bound': 11.341036430871227, 'mip_gap': 0.0, 'nodes': 1, 'capN': None, 'capE': None, 'seed': 202603, 'candidates': 1724, 'accepted': True, 'selected_routes': 20}","[{'stage': 'C', 'status': 1, 'message': 'Time limit reached. (HiGHS Status 13: Time limit reached)', 'has_incumbent': True, 'success': False, 'optimal': False, 'objective': 9675.838482561718, 'lower_bound': 2956.8234508295827, 'mip_gap': 0.6944116568131518, 'nodes': 1132, 'capC': None, 'capL': None, 'variables': 1318, 'constraints': 2960, 'horizon': 81658.9615329403, 'seed': 202603, 'matrix_residual': 6.402842700481415e-10, 'integer_error': 5.906386491005833e-14, 'accepted': True}, {'stage': 'L', 'status': 1, 'message': 'Time limit reached. (HiGHS Status 13: model_status is Time limit reached; primal_status is None)', 'has_incumbent': False, 'success': False, 'optimal': False, 'objective': None, 'lower_bound': None, 'mip_gap': None, 'nodes': 0, 'capC': 9675.838482561718, 'capL': None, 'variables': 1318, 'constraints': 2961, 'horizon': 81658.9615329403, 'seed': 202604}]",feasible,"{'route_physics': True, 'unique_coverage': True, 'destination': True, 'hard_deadlines': True, 'delivery_rebuild': True, 'uav_nonoverlap': True, 'battery_nonoverlap': True, 'soc': True, 'objective': True, 'all': True}",[]
随机偏好09,202604,"{'stage': 'route_master', 'status': 0, 'message': 'Optimization terminated successfully. (HiGHS Status 7: Optimal)', 'has_incumbent': True, 'success': True, 'objective': 12.478069269235997, 'lower_bound': 12.478069269235997, 'mip_gap': 0.0, 'nodes': 1, 'capN': None, 'capE': None, 'seed': 202604, 'candidates': 1724, 'accepted': True, 'selected_routes': 20}","[{'stage': 'C', 'status': 1, 'message': 'Time limit reached. (HiGHS Status 13: Time limit reached)', 'has_incumbent': True, 'success': False, 'optimal': False, 'objective': 10017.291153924567, 'lower_bound': 4208.655417183139, 'mip_gap': 0.5798609272194035, 'nodes': 2057, 'capC': None, 'capL': None, 'variables': 1318, 'constraints': 2960, 'horizon': 81658.9615329403, 'seed': 202604, 'matrix_residual': 6.821210263296962e-13, 'integer_error': 3.1632431434666606e-15, 'accepted': True}, {'stage': 'L', 'status': 1, 'message': 'Time limit reached. (HiGHS Status 13: Time limit reached)', 'has_incumbent': True, 'success': False, 'optimal': False, 'objective': 629.1545231070161, 'lower_bound': 0.0, 'mip_gap': 1.0, 'nodes': 1558, 'capC': 10017.291153924567, 'capL': None, 'variables': 1318, 'constraints': 2961, 'horizon': 81658.9615329403, 'seed': 202605, 'matrix_residual': 4.3655745685100555e-11, 'integer_error': 5.379800352347203e-16, 'accepted': True}]",feasible,"{'route_physics': True, 'unique_coverage': True, 'destination': True, 'hard_deadlines': True, 'delivery_rebuild': True, 'uav_nonoverlap': True, 'battery_nonoverlap': True, 'soc': True, 'objective': True, 'all': True}",[]
随机偏好10,202605,"{'stage': 'route_master', 'status': 0, 'message': 'Optimization terminated successfully. (HiGHS Status 7: Optimal)', 'has_incumbent': True, 'success': True, 'objective': 15.622889197697905, 'lower_bound': 15.622889197697905, 'mip_gap': 0.0, 'nodes': 1, 'capN': None, 'capE': None, 'seed': 202605, 'candidates': 1724, 'accepted': True, 'selected_routes': 20}","[{'stage': 'C', 'status': 1, 'message': 'Time limit reached. (HiGHS Status 13: Time limit reached)', 'has_incumbent': True, 'success': False, 'optimal': False, 'objective': 10313.172673931722, 'lower_bound': 2436.1777110992607, 'mip_gap': 0.7637799939821517, 'nodes': 801, 'capC': None, 'capL': None, 'variables': 1318, 'constraints': 2960, 'horizon': 81658.9615329403, 'seed': 202605, 'matrix_residual': 2.220446049250313e-16, 'integer_error': 2.220446049250313e-16, 'accepted': True}, {'stage': 'L', 'status': 1, 'message': 'Time limit reached. (HiGHS Status 13: model_status is Time limit reached; primal_status is None)', 'has_incumbent': False, 'success': False, 'optimal': False, 'objective': None, 'lower_bound': None, 'mip_gap': None, 'nodes': 0, 'capC': 10313.172673931718, 'capL': None, 'variables': 1318, 'constraints': 2961, 'horizon': 81658.9615329403, 'seed': 202606}]",feasible,"{'route_physics': True, 'unique_coverage': True, 'destination': True, 'hard_deadlines': True, 'delivery_rebuild': True, 'uav_nonoverlap': True, 'battery_nonoverlap': True, 'soc': True, 'objective': True, 'all': True}",[]
随机偏好11,202606,"{'stage': 'route_master', 'status': 0, 'message': 'Optimization terminated successfully. (HiGHS Status 7: Optimal)', 'has_incumbent': True, 'success': True, 'objective': 12.313436989881241, 'lower_bound': 12.313436989881241, 'mip_gap': 0.0, 'nodes': 1, 'capN': None, 'capE': None, 'seed': 202606, 'candidates': 1724, 'accepted': True, 'selected_routes': 20}","[{'stage': 'C', 'status': 1, 'message': 'Time limit reached. (HiGHS Status 13: Time limit reached)', 'has_incumbent': True, 'success': False, 'optimal': False, 'objective': 10861.945738453924, 'lower_bound': 2436.1777110992607, 'mip_gap': 0.7757144281733428, 'nodes': 150, 'capC': None, 'capL': None, 'variables': 1318, 'constraints': 2960, 'horizon': 81658.9615329403, 'seed': 202606, 'matrix_residual': 9.094947017729282e-13, 'integer_error': 0.0, 'accepted': True}, {'stage': 'L', 'status': 1, 'message': 'Time limit reached. (HiGHS Status 13: model_status is Time limit reached; primal_status is None)', 'has_incumbent': False, 'success': False, 'optimal': False, 'objective': None, 'lower_bound': None, 'mip_gap': None, 'nodes': 0, 'capC': 10861.945738453924, 'capL': None, 'variables': 1318, 'constraints': 2961, 'horizon': 81658.9615329403, 'seed': 202607}]",feasible,"{'route_physics': True, 'unique_coverage': True, 'destination': True, 'hard_deadlines': True, 'delivery_rebuild': True, 'uav_nonoverlap': True, 'battery_nonoverlap': True, 'soc': True, 'objective': True, 'all': True}",[]
随机偏好12,202607,"{'stage': 'route_master', 'status': 0, 'message': 'Optimization terminated successfully. (HiGHS Status 7: Optimal)', 'has_incumbent': True, 'success': True, 'objective': 12.783574558751605, 'lower_bound': 12.783574558751605, 'mip_gap': 0.0, 'nodes': 1, 'capN': None, 'capE': None, 'seed': 202607, 'candidates': 1724, 'accepted': True, 'selected_routes': 20}","[{'stage': 'C', 'status': 1, 'message': 'Time limit reached. (HiGHS Status 13: Time limit reached)', 'has_incumbent': True, 'success': False, 'optimal': False, 'objective': 12947.338371579055, 'lower_bound': 2436.1777110992607, 'mip_gap': 0.8118394961819365, 'nodes': 178, 'capC': None, 'capL': None, 'variables': 1318, 'constraints': 2960, 'horizon': 81658.9615329403, 'seed': 202607, 'matrix_residual': 2.9103830456733704e-11, 'integer_error': 0.0, 'accepted': True}, {'stage': 'L', 'status': 1, 'message': 'Time limit reached. (HiGHS Status 13: Time limit reached)', 'has_incumbent': True, 'success': False, 'optimal': False, 'objective': 380.3831350275685, 'lower_bound': 0.0, 'mip_gap': 1.0, 'nodes': 878, 'capC': 12947.338371579057, 'capL': None, 'variables': 1318, 'constraints': 2961, 'horizon': 81658.9615329403, 'seed': 202608, 'matrix_residual': 0.0, 'integer_error': 0.0, 'accepted': True}]",feasible,"{'route_physics': True, 'unique_coverage': True, 'destination': True, 'hard_deadlines': True, 'delivery_rebuild': True, 'uav_nonoverlap': True, 'battery_nonoverlap': True, 'soc': True, 'objective': True, 'all': True}",[]
随机偏好13,202608,"{'stage': 'route_master', 'status': 0, 'message': 'Optimization terminated successfully. (HiGHS Status 7: Optimal)', 'has_incumbent': True, 'success': True, 'objective': 17.323262438200928, 'lower_bound': 17.323262438200928, 'mip_gap': 0.0, 'nodes': 1, 'capN': None, 'capE': None, 'seed': 202608, 'candidates': 1724, 'accepted': True, 'selected_routes': 20}","[{'stage': 'C', 'status': 1, 'message': 'Time limit reached. (HiGHS Status 13: Time limit reached)', 'has_incumbent': True, 'success': False, 'optimal': False, 'objective': 9631.68262921339, 'lower_bound': 4208.655417183141, 'mip_gap': 0.5630404801318856, 'nodes': 931, 'capC': None, 'capL': None, 'variables': 1318, 'constraints': 2960, 'horizon': 81658.9615329403, 'seed': 202608, 'matrix_residual': 2.886579864025407e-15, 'integer_error': 2.1094237467877974e-15, 'accepted': True}, {'stage': 'L', 'status': 1, 'message': 'Time limit reached. (HiGHS Status 13: model_status is Time limit reached; primal_status is None)', 'has_incumbent': False, 'success': False, 'optimal': False, 'objective': None, 'lower_bound': None, 'mip_gap': None, 'nodes': 0, 'capC': 9631.68262921339, 'capL': None, 'variables': 1318, 'constraints': 2961, 'horizon': 81658.9615329403, 'seed': 202609}]",feasible,"{'route_physics': True, 'unique_coverage': True, 'destination': True, 'hard_deadlines': True, 'delivery_rebuild': True, 'uav_nonoverlap': True, 'battery_nonoverlap': True, 'soc': True, 'objective': True, 'all': True}",[]
随机偏好14,202609,"{'stage': 'route_master', 'status': 0, 'message': 'Optimization terminated successfully. (HiGHS Status 7: Optimal)', 'has_incumbent': True, 'success': True, 'objective': 8.676287362899732, 'lower_bound': 8.676287362899732, 'mip_gap': 0.0, 'nodes': 1, 'capN': None, 'capE': None, 'seed': 202609, 'candidates': 1724, 'accepted': True, 'selected_routes': 20}","[{'stage': 'C', 'status': 1, 'message': 'Time limit reached. (HiGHS Status 13: Time limit reached)', 'has_incumbent': True, 'success': False, 'optimal': False, 'objective': 10638.063838419264, 'lower_bound': 2436.1777110992607, 'mip_gap': 0.770994257216146, 'nodes': 899, 'capC': None, 'capL': None, 'variables': 1318, 'constraints': 2960, 'horizon': 81658.9615329403, 'seed': 202609, 'matrix_residual': 4.656612873077393e-10, 'integer_error': 1.6275869541004795e-13, 'accepted': True}, {'stage': 'L', 'status': 1, 'message': 'Time limit reached. (HiGHS Status 13: Time limit reached)', 'has_incumbent': True, 'success': False, 'optimal': False, 'objective': 794.3578745530995, 'lower_bound': 0.0, 'mip_gap': 1.0, 'nodes': 264, 'capC': 10638.063838419264, 'capL': None, 'variables': 1318, 'constraints': 2961, 'horizon': 81658.9615329403, 'seed': 202610, 'matrix_residual': 3.1086244689504383e-15, 'integer_error': 3.1086244689504383e-15, 'accepted': True}]",feasible,"{'route_physics': True, 'unique_coverage': True, 'destination': True, 'hard_deadlines': True, 'delivery_rebuild': True, 'uav_nonoverlap': True, 'battery_nonoverlap': True, 'soc': True, 'objective': True, 'all': True}",[]
随机偏好15,202610,"{'stage': 'route_master', 'status': 0, 'message': 'Optimization terminated successfully. (HiGHS Status 7: Optimal)', 'has_incumbent': True, 'success': True, 'objective': 13.171284827533668, 'lower_bound': 13.171284827533668, 'mip_gap': 0.0, 'nodes': 1, 'capN': None, 'capE': None, 'seed': 202610, 'candidates': 1724, 'accepted': True, 'selected_routes': 20}","[{'stage': 'C', 'status': 1, 'message': 'Time limit reached. (HiGHS Status 13: Time limit reached)', 'has_incumbent': True, 'success': False, 'optimal': False, 'objective': 9897.170735045862, 'lower_bound': 2436.1777110992607, 'mip_gap': 0.7538510978220513, 'nodes': 1300, 'capC': None, 'capL': None, 'variables': 1318, 'constraints': 2960, 'horizon': 81658.9615329403, 'seed': 202610, 'matrix_residual': 6.139089236967266e-12, 'integer_error': 0.0, 'accepted': True}, {'stage': 'L', 'status': 1, 'message': 'Time limit reached. (HiGHS Status 13: Time limit reached)', 'has_incumbent': True, 'success': False, 'optimal': False, 'objective': 629.9566663019467, 'lower_bound': 0.0, 'mip_gap': 1.0, 'nodes': 910, 'capC': 9897.170735045867, 'capL': None, 'variables': 1318, 'constraints': 2961, 'horizon': 81658.9615329403, 'seed': 202611, 'matrix_residual': 0.0, 'integer_error': 0.0, 'accepted': True}]",feasible,"{'route_physics': True, 'unique_coverage': True, 'destination': True, 'hard_deadlines': True, 'delivery_rebuild': True, 'uav_nonoverlap': True, 'battery_nonoverlap': True, 'soc': True, 'objective': True, 'all': True}",[]
随机偏好16,202601,"{'stage': 'route_master', 'status': 0, 'message': 'Optimization terminated successfully. (HiGHS Status 7: Optimal)', 'has_incumbent': True, 'success': True, 'objective': 11.98069372072607, 'lower_bound': 11.98069372072607, 'mip_gap': 0.0, 'nodes': 1, 'capN': None, 'capE': None, 'seed': 202601, 'candidates': 1724, 'accepted': True, 'selected_routes': 20}","[{'stage': 'C', 'status': 1, 'message': 'Time limit reached. (HiGHS Status 13: Time limit reached)', 'has_incumbent': True, 'success': False, 'optimal': False, 'objective': 9834.117832942291, 'lower_bound': 2436.1777110992607, 'mip_gap': 0.7522728777014892, 'nodes': 1025, 'capC': None, 'capL': None, 'variables': 1318, 'constraints': 2960, 'horizon': 81658.9615329403, 'seed': 202601, 'matrix_residual': 1.7898855730891228e-09, 'integer_error': 4.7102968798042645e-14, 'accepted': True}, {'stage': 'L', 'status': 1, 'message': 'Time limit reached. (HiGHS Status 13: Time limit reached)', 'has_incumbent': True, 'success': False, 'optimal': False, 'objective': 704.023411370874, 'lower_bound': 0.0, 'mip_gap': 1.0, 'nodes': 362, 'capC': 9834.117832942291, 'capL': None, 'variables': 1318, 'constraints': 2961, 'horizon': 81658.9615329403, 'seed': 202602, 'matrix_residual': 1.7763568394002505e-15, 'integer_error': 1.7763568394002505e-15, 'accepted': True}]",feasible,"{'route_physics': True, 'unique_coverage': True, 'destination': True, 'hard_deadlines': True, 'delivery_rebuild': True, 'uav_nonoverlap': True, 'battery_nonoverlap': True, 'soc': True, 'objective': True, 'all': True}",[]
随机偏好17,202602,"{'stage': 'route_master', 'status': 0, 'message': 'Optimization terminated successfully. (HiGHS Status 7: Optimal)', 'has_incumbent': True, 'success': True, 'objective': 12.039432734484915, 'lower_bound': 12.039432734484915, 'mip_gap': 0.0, 'nodes': 1, 'capN': None, 'capE': None, 'seed': 202602, 'candidates': 1724, 'accepted': True, 'selected_routes': 20}","[{'stage': 'C', 'status': 1, 'message': 'Time limit reached. (HiGHS Status 13: Time limit reached)', 'has_incumbent': True, 'success': False, 'optimal': False, 'objective': 9773.118887895405, 'lower_bound': 4013.7362998099106, 'mip_gap': 0.5893085568844185, 'nodes': 1543, 'capC': None, 'capL': None, 'variables': 1318, 'constraints': 2960, 'horizon': 81658.9615329403, 'seed': 202602, 'matrix_residual': 6.821210263296962e-13, 'integer_error': 3.5638159090467525e-14, 'accepted': True}, {'stage': 'L', 'status': 1, 'message': 'Time limit reached. (HiGHS Status 13: model_status is Time limit reached; primal_status is None)', 'has_incumbent': False, 'success': False, 'optimal': False, 'objective': None, 'lower_bound': None, 'mip_gap': None, 'nodes': 0, 'capC': 9773.118887895405, 'capL': None, 'variables': 1318, 'constraints': 2961, 'horizon': 81658.9615329403, 'seed': 202603}]",feasible,"{'route_physics': True, 'unique_coverage': True, 'destination': True, 'hard_deadlines': True, 'delivery_rebuild': True, 'uav_nonoverlap': True, 'battery_nonoverlap': True, 'soc': True, 'objective': True, 'all': True}",[]
随机偏好18,202603,"{'stage': 'route_master', 'status': 0, 'message': 'Optimization terminated successfully. (HiGHS Status 7: Optimal)', 'has_incumbent': True, 'success': True, 'objective': 11.485872605506312, 'lower_bound': 11.485872605506312, 'mip_gap': 0.0, 'nodes': 1, 'capN': None, 'capE': None, 'seed': 202603, 'candidates': 1724, 'accepted': True, 'selected_routes': 20}","[{'stage': 'C', 'status': 1, 'message': 'Time limit reached. (HiGHS Status 13: model_status is Time limit reached; primal_status is None)', 'has_incumbent': False, 'success': False, 'optimal': False, 'objective': None, 'lower_bound': None, 'mip_gap': None, 'nodes': 0, 'capC': None, 'capL': None, 'variables': 1318, 'constraints': 2960, 'horizon': 81658.9615329403, 'seed': 202603}]",no_schedule_incumbent,,
随机偏好19,202604,"{'stage': 'route_master', 'status': 0, 'message': 'Optimization terminated successfully. (HiGHS Status 7: Optimal)', 'has_incumbent': True, 'success': True, 'objective': 15.269637534132086, 'lower_bound': 15.269637534132086, 'mip_gap': 0.0, 'nodes': 1, 'capN': None, 'capE': None, 'seed': 202604, 'candidates': 1724, 'accepted': True, 'selected_routes': 20}","[{'stage': 'C', 'status': 1, 'message': 'Time limit reached. (HiGHS Status 13: Time limit reached)', 'has_incumbent': True, 'success': False, 'optimal': False, 'objective': 10451.948020017764, 'lower_bound': 4208.655417183139, 'mip_gap': 0.5973329173544831, 'nodes': 1063, 'capC': None, 'capL': None, 'variables': 1318, 'constraints': 2960, 'horizon': 81658.9615329403, 'seed': 202604, 'matrix_residual': 2.1827872842550278e-10, 'integer_error': 4.0131914562738323e-14, 'accepted': True}, {'stage': 'L', 'status': 1, 'message': 'Time limit reached. (HiGHS Status 13: Time limit reached)', 'has_incumbent': True, 'success': False, 'optimal': False, 'objective': 468.7442615095397, 'lower_bound': 0.0, 'mip_gap': 1.0, 'nodes': 932, 'capC': 10451.948020017746, 'capL': None, 'variables': 1318, 'constraints': 2961, 'horizon': 81658.9615329403, 'seed': 202605, 'matrix_residual': 0.0, 'integer_error': 0.0, 'accepted': True}]",feasible,"{'route_physics': True, 'unique_coverage': True, 'destination': True, 'hard_deadlines': True, 'delivery_rebuild': True, 'uav_nonoverlap': True, 'battery_nonoverlap': True, 'soc': True, 'objective': True, 'all': True}",[]
随机偏好20,202605,"{'stage': 'route_master', 'status': 0, 'message': 'Optimization terminated successfully. (HiGHS Status 7: Optimal)', 'has_incumbent': True, 'success': True, 'objective': 6.467325059106129, 'lower_bound': 6.467325059106129, 'mip_gap': 0.0, 'nodes': 1, 'capN': None, 'capE': None, 'seed': 202605, 'candidates': 1724, 'accepted': True, 'selected_routes': 20}","[{'stage': 'C', 'status': 1, 'message': 'Time limit reached. (HiGHS Status 13: Time limit reached)', 'has_incumbent': True, 'success': False, 'optimal': False, 'objective': 10313.172673931722, 'lower_bound': 2436.1777110992607, 'mip_gap': 0.7637799939821517, 'nodes': 699, 'capC': None, 'capL': None, 'variables': 1318, 'constraints': 2960, 'horizon': 81658.9615329403, 'seed': 202605, 'matrix_residual': 2.220446049250313e-16, 'integer_error': 2.220446049250313e-16, 'accepted': True}, {'stage': 'L', 'status': 1, 'message': 'Time limit reached. (HiGHS Status 13: model_status is Time limit reached; primal_status is None)', 'has_incumbent': False, 'success': False, 'optimal': False, 'objective': None, 'lower_bound': None, 'mip_gap': None, 'nodes': 0, 'capC': 10313.172673931718, 'capL': None, 'variables': 1318, 'constraints': 2961, 'horizon': 81658.9615329403, 'seed': 202606}]",feasible,"{'route_physics': True, 'unique_coverage': True, 'destination': True, 'hard_deadlines': True, 'delivery_rebuild': True, 'uav_nonoverlap': True, 'battery_nonoverlap': True, 'soc': True, 'objective': True, 'all': True}",[]
自适应ε-N20-E58.476-L380.383,202601,"{'stage': 'route_master', 'status': 2, 'message': 'The problem is infeasible. (HiGHS Status 8: model_status is Infeasible; primal_status is None)', 'has_incumbent': False, 'success': False, 'objective': None, 'lower_bound': None, 'mip_gap': None, 'nodes': 0, 'capN': 20, 'capE': 58.475593934269845, 'seed': 202601, 'candidates': 1724}",,no_route_incumbent,,
自适应ε-N20-E58.476-L1119.391,202602,"{'stage': 'route_master', 'status': 2, 'message': 'The problem is infeasible. (HiGHS Status 8: model_status is Infeasible; primal_status is None)', 'has_incumbent': False, 'success': False, 'objective': None, 'lower_bound': None, 'mip_gap': None, 'nodes': 0, 'capN': 20, 'capE': 58.475593934269845, 'seed': 202602, 'candidates': 1724}",,no_route_incumbent,,
自适应ε-N20-E59.669-L380.383,202603,"{'stage': 'route_master', 'status': 0, 'message': 'Optimization terminated successfully. (HiGHS Status 7: Optimal)', 'has_incumbent': True, 'success': True, 'objective': 12.517845906821567, 'lower_bound': 12.517845906821567, 'mip_gap': 0.0, 'nodes': 1, 'capN': 20, 'capE': 59.66897340231617, 'seed': 202603, 'candidates': 1724, 'accepted': True, 'selected_routes': 20}","[{'stage': 'C', 'status': 1, 'message': 'Time limit reached. (HiGHS Status 13: Time limit reached)', 'has_incumbent': True, 'success': False, 'optimal': False, 'objective': 10861.945738453924, 'lower_bound': 2436.1777110992607, 'mip_gap': 0.7757144281733428, 'nodes': 929, 'capC': None, 'capL': 380.38313502756847, 'variables': 1318, 'constraints': 2961, 'horizon': 81601.18179050676, 'seed': 202603, 'matrix_residual': 9.094947017729282e-13, 'integer_error': 0.0, 'accepted': True}, {'stage': 'L', 'status': 1, 'message': 'Time limit reached. (HiGHS Status 13: Time limit reached)', 'has_incumbent': True, 'success': False, 'optimal': False, 'objective': 291.4013624279095, 'lower_bound': 0.0, 'mip_gap': 1.0, 'nodes': 1114, 'capC': 10861.945738453924, 'capL': 380.38313502756847, 'variables': 1318, 'constraints': 2962, 'horizon': 81601.18179050676, 'seed': 202604, 'matrix_residual': 9.094947017729282e-13, 'integer_error': 0.0, 'accepted': True}]",feasible,"{'route_physics': True, 'unique_coverage': True, 'destination': True, 'hard_deadlines': True, 'delivery_rebuild': True, 'uav_nonoverlap': True, 'battery_nonoverlap': True, 'soc': True, 'objective': True, 'all': True}",[]
自适应ε-N20-E59.669-L1119.391,202604,"{'stage': 'route_master', 'status': 0, 'message': 'Optimization terminated successfully. (HiGHS Status 7: Optimal)', 'has_incumbent': True, 'success': True, 'objective': 12.517845906821567, 'lower_bound': 12.517845906821567, 'mip_gap': 0.0, 'nodes': 1, 'capN': 20, 'capE': 59.66897340231617, 'seed': 202604, 'candidates': 1724, 'accepted': True, 'selected_routes': 20}","[{'stage': 'C', 'status': 1, 'message': 'Time limit reached. (HiGHS Status 13: Time limit reached)', 'has_incumbent': True, 'success': False, 'optimal': False, 'objective': 10919.957191397603, 'lower_bound': 2436.1777110992607, 'mip_gap': 0.7769059284391331, 'nodes': 720, 'capC': None, 'capL': 1119.3905813132303, 'variables': 1318, 'constraints': 2961, 'horizon': 81601.18179050676, 'seed': 202604, 'matrix_residual': 9.094947017729282e-13, 'integer_error': 0.0, 'accepted': True}, {'stage': 'L', 'status': 1, 'message': 'Time limit reached. (HiGHS Status 13: Time limit reached)', 'has_incumbent': True, 'success': False, 'optimal': False, 'objective': 723.3745010281134, 'lower_bound': 0.0, 'mip_gap': 1.0, 'nodes': 821, 'capC': 10919.957191397603, 'capL': 1119.3905813132303, 'variables': 1318, 'constraints': 2962, 'horizon': 81601.18179050676, 'seed': 202605, 'matrix_residual': 1.4551915228366852e-11, 'integer_error': 2.220446049250313e-16, 'accepted': True}]",feasible,"{'route_physics': True, 'unique_coverage': True, 'destination': True, 'hard_deadlines': True, 'delivery_rebuild': True, 'uav_nonoverlap': True, 'battery_nonoverlap': True, 'soc': True, 'objective': True, 'all': True}",[]
自适应ε-N22-E58.476-L380.383,202607,"{'stage': 'route_master', 'status': 2, 'message': 'The problem is infeasible. (HiGHS Status 8: model_status is Infeasible; primal_status is None)', 'has_incumbent': False, 'success': False, 'objective': None, 'lower_bound': None, 'mip_gap': None, 'nodes': 0, 'capN': 22, 'capE': 58.475593934269845, 'seed': 202607, 'candidates': 1724}",,no_route_incumbent,,
自适应ε-N22-E58.476-L1119.391,202608,"{'stage': 'route_master', 'status': 2, 'message': 'The problem is infeasible. (HiGHS Status 8: model_status is Infeasible; primal_status is None)', 'has_incumbent': False, 'success': False, 'objective': None, 'lower_bound': None, 'mip_gap': None, 'nodes': 0, 'capN': 22, 'capE': 58.475593934269845, 'seed': 202608, 'candidates': 1724}",,no_route_incumbent,,
自适应ε-N20-E62.656-L380.383,202605,"{'stage': 'route_master', 'status': 0, 'message': 'Optimization terminated successfully. (HiGHS Status 7: Optimal)', 'has_incumbent': True, 'success': True, 'objective': 12.517845906821567, 'lower_bound': 12.517845906821567, 'mip_gap': 0.0, 'nodes': 1, 'capN': 20, 'capE': 62.65581231384894, 'seed': 202605, 'candidates': 1724, 'accepted': True, 'selected_routes': 20}","[{'stage': 'C', 'status': 1, 'message': 'Time limit reached. (HiGHS Status 13: Time limit reached)', 'has_incumbent': True, 'success': False, 'optimal': False, 'objective': 12505.027933535472, 'lower_bound': 2626.637244397617, 'mip_gap': 0.7899535084321075, 'nodes': 534, 'capC': None, 'capL': 380.38313502756847, 'variables': 1318, 'constraints': 2961, 'horizon': 81601.18179050676, 'seed': 202605, 'matrix_residual': 4.3655745685100555e-11, 'integer_error': 4.440892098500626e-16, 'accepted': True}, {'stage': 'L', 'status': 1, 'message': 'Time limit reached. (HiGHS Status 13: Time limit reached)', 'has_incumbent': True, 'success': False, 'optimal': False, 'objective': 373.07383869627586, 'lower_bound': 0.0, 'mip_gap': 1.0, 'nodes': 1026, 'capC': 12505.027933535472, 'capL': 380.38313502756847, 'variables': 1318, 'constraints': 2962, 'horizon': 81601.18179050676, 'seed': 202606, 'matrix_residual': 1.8189894035458565e-12, 'integer_error': 1.3322676295501878e-15, 'accepted': True}]",feasible,"{'route_physics': True, 'unique_coverage': True, 'destination': True, 'hard_deadlines': True, 'delivery_rebuild': True, 'uav_nonoverlap': True, 'battery_nonoverlap': True, 'soc': True, 'objective': True, 'all': True}",[]
自适应ε-N20-E62.656-L1119.391,202606,"{'stage': 'route_master', 'status': 0, 'message': 'Optimization terminated successfully. (HiGHS Status 7: Optimal)', 'has_incumbent': True, 'success': True, 'objective': 12.517845906821565, 'lower_bound': 12.517845906821565, 'mip_gap': 0.0, 'nodes': 1, 'capN': 20, 'capE': 62.65581231384894, 'seed': 202606, 'candidates': 1724, 'accepted': True, 'selected_routes': 20}","[{'stage': 'C', 'status': 1, 'message': 'Time limit reached. (HiGHS Status 13: Time limit reached)', 'has_incumbent': True, 'success': False, 'optimal': False, 'objective': 10221.188833602317, 'lower_bound': 4128.352756961283, 'mip_gap': 0.5960985728598165, 'nodes': 596, 'capC': None, 'capL': 1119.3905813132303, 'variables': 1318, 'constraints': 2961, 'horizon': 81601.18179050676, 'seed': 202606, 'matrix_residual': 1.4551915228366852e-11, 'integer_error': 2.220446049250313e-16, 'accepted': True}, {'stage': 'L', 'status': 1, 'message': 'Time limit reached. (HiGHS Status 13: Time limit reached)', 'has_incumbent': True, 'success': False, 'optimal': False, 'objective': 486.75512312504264, 'lower_bound': 0.0, 'mip_gap': 1.0, 'nodes': 984, 'capC': 10221.188833602317, 'capL': 1119.3905813132303, 'variables': 1318, 'constraints': 2962, 'horizon': 81601.18179050676, 'seed': 202607, 'matrix_residual': 9.094947017729282e-13, 'integer_error': 2.220446049250313e-16, 'accepted': True}]",feasible,"{'route_physics': True, 'unique_coverage': True, 'destination': True, 'hard_deadlines': True, 'delivery_rebuild': True, 'uav_nonoverlap': True, 'battery_nonoverlap': True, 'soc': True, 'objective': True, 'all': True}",[]
自适应ε-N22-E59.669-L380.383,202609,"{'stage': 'route_master', 'status': 0, 'message': 'Optimization terminated successfully. (HiGHS Status 7: Optimal)', 'has_incumbent': True, 'success': True, 'objective': 12.517845906821567, 'lower_bound': 12.517845906821567, 'mip_gap': 0.0, 'nodes': 1, 'capN': 22, 'capE': 59.66897340231617, 'seed': 202609, 'candidates': 1724, 'accepted': True, 'selected_routes': 20}","[{'stage': 'C', 'status': 1, 'message': 'Time limit reached. (HiGHS Status 13: model_status is Time limit reached; primal_status is None)', 'has_incumbent': False, 'success': False, 'optimal': False, 'objective': None, 'lower_bound': None, 'mip_gap': None, 'nodes': 0, 'capC': None, 'capL': 380.38313502756847, 'variables': 1318, 'constraints': 2961, 'horizon': 81601.18179050676, 'seed': 202609}]",no_schedule_incumbent,,
自适应ε-N22-E62.656-L380.383,202601,"{'stage': 'route_master', 'status': 0, 'message': 'Optimization terminated successfully. (HiGHS Status 7: Optimal)', 'has_incumbent': True, 'success': True, 'objective': 12.517845906821565, 'lower_bound': 12.517845906821565, 'mip_gap': 0.0, 'nodes': 1, 'capN': 22, 'capE': 62.65581231384894, 'seed': 202601, 'candidates': 1724, 'accepted': True, 'selected_routes': 20}","[{'stage': 'C', 'status': 1, 'message': 'Time limit reached. (HiGHS Status 13: model_status is Time limit reached; primal_status is None)', 'has_incumbent': False, 'success': False, 'optimal': False, 'objective': None, 'lower_bound': None, 'mip_gap': None, 'nodes': 0, 'capC': None, 'capL': 380.38313502756847, 'variables': 1318, 'constraints': 2961, 'horizon': 81601.18179050676, 'seed': 202601}]",no_schedule_incumbent,,
自适应ε-N22-E59.669-L1119.391,202610,"{'stage': 'route_master', 'status': 0, 'message': 'Optimization terminated successfully. (HiGHS Status 7: Optimal)', 'has_incumbent': True, 'success': True, 'objective': 12.517845906821556, 'lower_bound': 12.517845906821556, 'mip_gap': 0.0, 'nodes': 1, 'capN': 22, 'capE': 59.66897340231617, 'seed': 202610, 'candidates': 1724, 'accepted': True, 'selected_routes': 20}","[{'stage': 'C', 'status': 1, 'message': 'Time limit reached. (HiGHS Status 13: Time limit reached)', 'has_incumbent': True, 'success': False, 'optimal': False, 'objective': 9991.831741461412, 'lower_bound': 2436.1777110992607, 'mip_gap': 0.756183072920427, 'nodes': 1048, 'capC': None, 'capL': 1119.3905813132303, 'variables': 1318, 'constraints': 2961, 'horizon': 81601.18179050676, 'seed': 202610, 'matrix_residual': 2.2737367544323206e-13, 'integer_error': 0.0, 'accepted': True}, {'stage': 'L', 'status': 1, 'message': 'Time limit reached. (HiGHS Status 13: Time limit reached)', 'has_incumbent': True, 'success': False, 'optimal': False, 'objective': 493.2526425884292, 'lower_bound': 0.0, 'mip_gap': 1.0, 'nodes': 2036, 'capC': 9991.831741461412, 'capL': 1119.3905813132303, 'variables': 1318, 'constraints': 2962, 'horizon': 81601.18179050676, 'seed': 202611, 'matrix_residual': 4.547473508864641e-13, 'integer_error': 1.1102230246251565e-16, 'accepted': True}]",feasible,"{'route_physics': True, 'unique_coverage': True, 'destination': True, 'hard_deadlines': True, 'delivery_rebuild': True, 'uav_nonoverlap': True, 'battery_nonoverlap': True, 'soc': True, 'objective': True, 'all': True}",[]
自适应ε-N22-E62.656-L1119.391,202602,"{'stage': 'route_master', 'status': 0, 'message': 'Optimization terminated successfully. (HiGHS Status 7: Optimal)', 'has_incumbent': True, 'success': True, 'objective': 12.517845906821558, 'lower_bound': 12.517845906821558, 'mip_gap': 0.0, 'nodes': 1, 'capN': 22, 'capE': 62.65581231384894, 'seed': 202602, 'candidates': 1724, 'accepted': True, 'selected_routes': 20}","[{'stage': 'C', 'status': 1, 'message': 'Time limit reached. (HiGHS Status 13: Time limit reached)', 'has_incumbent': True, 'success': False, 'optimal': False, 'objective': 9810.16960260569, 'lower_bound': 4989.253931393689, 'mip_gap': 0.49142021662209723, 'nodes': 1633, 'capC': None, 'capL': 1119.3905813132303, 'variables': 1318, 'constraints': 2961, 'horizon': 81601.18179050676, 'seed': 202602, 'matrix_residual': 2.9103830456733704e-11, 'integer_error': 2.1094237467877974e-15, 'accepted': True}, {'stage': 'L', 'status': 1, 'message': 'Time limit reached. (HiGHS Status 13: model_status is Time limit reached; primal_status is None)', 'has_incumbent': False, 'success': False, 'optimal': False, 'objective': None, 'lower_bound': None, 'mip_gap': None, 'nodes': 0, 'capC': 9810.16960260569, 'capL': 1119.3905813132303, 'variables': 1318, 'constraints': 2962, 'horizon': 81601.18179050676, 'seed': 202603}]",feasible,"{'route_physics': True, 'unique_coverage': True, 'destination': True, 'hard_deadlines': True, 'delivery_rebuild': True, 'uav_nonoverlap': True, 'battery_nonoverlap': True, 'soc': True, 'objective': True, 'all': True}",[]
偏好极点01,202601,"{'stage': 'route_master', 'status': 0, 'message': 'Optimization terminated successfully. (HiGHS Status 7: Optimal)', 'has_incumbent': True, 'success': True, 'objective': 12.64914493782364, 'lower_bound': 12.64914493782364, 'mip_gap': 0.0, 'nodes': 1, 'capN': None, 'capE': None, 'seed': 202601, 'candidates': 1724, 'accepted': True, 'selected_routes': 20}","[{'stage': 'C', 'status': 1, 'message': 'Time limit reached. (HiGHS Status 13: Time limit reached)', 'has_incumbent': True, 'success': False, 'optimal': False, 'objective': 9831.92659691419, 'lower_bound': 3300.294846849217, 'mip_gap': 0.6643287748013665, 'nodes': 1092, 'capC': None, 'capL': None, 'variables': 1318, 'constraints': 2960, 'horizon': 81601.18179050676, 'seed': 202601, 'matrix_residual': 4.547473508864641e-13, 'integer_error': 0.0, 'accepted': True}, {'stage': 'L', 'status': 1, 'message': 'Time limit reached. (HiGHS Status 13: Time limit reached)', 'has_incumbent': True, 'success': False, 'optimal': False, 'objective': 507.28666651219095, 'lower_bound': 0.0, 'mip_gap': 1.0, 'nodes': 1028, 'capC': 9831.92659691419, 'capL': None, 'variables': 1318, 'constraints': 2961, 'horizon': 81601.18179050676, 'seed': 202602, 'matrix_residual': 0.0, 'integer_error': 0.0, 'accepted': True}]",feasible,"{'route_physics': True, 'unique_coverage': True, 'destination': True, 'hard_deadlines': True, 'delivery_rebuild': True, 'uav_nonoverlap': True, 'battery_nonoverlap': True, 'soc': True, 'objective': True, 'all': True}",[]
偏好极点03,202603,"{'stage': 'route_master', 'status': 0, 'message': 'Optimization terminated successfully. (HiGHS Status 7: Optimal)', 'has_incumbent': True, 'success': True, 'objective': 13.850247470401664, 'lower_bound': 13.850247470401664, 'mip_gap': 0.0, 'nodes': 1, 'capN': None, 'capE': None, 'seed': 202603, 'candidates': 1724, 'accepted': True, 'selected_routes': 20}","[{'stage': 'C', 'status': 1, 'message': 'Time limit reached. (HiGHS Status 13: Time limit reached)', 'has_incumbent': True, 'success': False, 'optimal': False, 'objective': 9864.685367659038, 'lower_bound': 2436.1777110992607, 'mip_gap': 0.7530405055708955, 'nodes': 1230, 'capC': None, 'capL': None, 'variables': 1318, 'constraints': 2960, 'horizon': 81601.18179050676, 'seed': 202603, 'matrix_residual': 3.952393967665557e-14, 'integer_error': 3.963496197911808e-14, 'accepted': True}, {'stage': 'L', 'status': 1, 'message': 'Time limit reached. (HiGHS Status 13: model_status is Time limit reached; primal_status is None)', 'has_incumbent': False, 'success': False, 'optimal': False, 'objective': None, 'lower_bound': None, 'mip_gap': None, 'nodes': 0, 'capC': 9864.685367659033, 'capL': None, 'variables': 1318, 'constraints': 2961, 'horizon': 81601.18179050676, 'seed': 202604}]",feasible,"{'route_physics': True, 'unique_coverage': True, 'destination': True, 'hard_deadlines': True, 'delivery_rebuild': True, 'uav_nonoverlap': True, 'battery_nonoverlap': True, 'soc': True, 'objective': True, 'all': True}",[]
偏好极点04,202604,"{'stage': 'route_master', 'status': 0, 'message': 'Optimization terminated successfully. (HiGHS Status 7: Optimal)', 'has_incumbent': True, 'success': True, 'objective': 15.649144937823648, 'lower_bound': 15.649144937823648, 'mip_gap': 0.0, 'nodes': 1, 'capN': None, 'capE': None, 'seed': 202604, 'candidates': 1724, 'accepted': True, 'selected_routes': 20}","[{'stage': 'C', 'status': 1, 'message': 'Time limit reached. (HiGHS Status 13: Time limit reached)', 'has_incumbent': True, 'success': False, 'optimal': False, 'objective': 9973.41234449048, 'lower_bound': 3997.7303355858803, 'mip_gap': 0.5991612301285919, 'nodes': 1831, 'capC': None, 'capL': None, 'variables': 1318, 'constraints': 2960, 'horizon': 81601.18179050676, 'seed': 202604, 'matrix_residual': 9.094947017729282e-13, 'integer_error': 1.1102230246251565e-16, 'accepted': True}, {'stage': 'L', 'status': 1, 'message': 'Time limit reached. (HiGHS Status 13: model_status is Time limit reached; primal_status is None)', 'has_incumbent': False, 'success': False, 'optimal': False, 'objective': None, 'lower_bound': None, 'mip_gap': None, 'nodes': 0, 'capC': 9973.41234449048, 'capL': None, 'variables': 1318, 'constraints': 2961, 'horizon': 81601.18179050676, 'seed': 202605}]",feasible,"{'route_physics': True, 'unique_coverage': True, 'destination': True, 'hard_deadlines': True, 'delivery_rebuild': True, 'uav_nonoverlap': True, 'battery_nonoverlap': True, 'soc': True, 'objective': True, 'all': True}",[]
偏好极点02,202602,"{'stage': 'route_master', 'status': 0, 'message': 'Optimization terminated successfully. (HiGHS Status 7: Optimal)', 'has_incumbent': True, 'success': True, 'objective': 12.858555442551445, 'lower_bound': 12.858555442551445, 'mip_gap': 0.0, 'nodes': 1, 'capN': None, 'capE': None, 'seed': 202602, 'candidates': 1724, 'accepted': True, 'selected_routes': 20}","[{'stage': 'C', 'status': 1, 'message': 'Time limit reached. (HiGHS Status 13: Time limit reached)', 'has_incumbent': True, 'success': False, 'optimal': False, 'objective': 10030.44593293772, 'lower_bound': 4015.442864435243, 'mip_gap': 0.5996745417619535, 'nodes': 2094, 'capC': None, 'capL': None, 'variables': 1318, 'constraints': 2960, 'horizon': 81601.18179050676, 'seed': 202602, 'matrix_residual': 6.821210263296962e-13, 'integer_error': 7.216449660063518e-16, 'accepted': True}, {'stage': 'L', 'status': 1, 'message': 'Time limit reached. (HiGHS Status 13: Time limit reached)', 'has_incumbent': True, 'success': False, 'optimal': False, 'objective': 531.9583147042888, 'lower_bound': 0.0, 'mip_gap': 1.0, 'nodes': 366, 'capC': 10030.44593293772, 'capL': None, 'variables': 1318, 'constraints': 2961, 'horizon': 81601.18179050676, 'seed': 202603, 'matrix_residual': 2.220446049250313e-16, 'integer_error': 1.164417955851486e-16, 'accepted': True}]",feasible,"{'route_physics': True, 'unique_coverage': True, 'destination': True, 'hard_deadlines': True, 'delivery_rebuild': True, 'uav_nonoverlap': True, 'battery_nonoverlap': True, 'soc': True, 'objective': True, 'all': True}",[]
偏好极点07,202607,"{'stage': 'route_master', 'status': 0, 'message': 'Optimization terminated successfully. (HiGHS Status 7: Optimal)', 'has_incumbent': True, 'success': True, 'objective': 15.439734433095852, 'lower_bound': 15.439734433095852, 'mip_gap': 0.0, 'nodes': 1, 'capN': None, 'capE': None, 'seed': 202607, 'candidates': 1724, 'accepted': True, 'selected_routes': 20}","[{'stage': 'C', 'status': 1, 'message': 'Time limit reached. (HiGHS Status 13: model_status is Time limit reached; primal_status is None)', 'has_incumbent': False, 'success': False, 'optimal': False, 'objective': None, 'lower_bound': None, 'mip_gap': None, 'nodes': 0, 'capC': None, 'capL': None, 'variables': 1318, 'constraints': 2960, 'horizon': 81601.18179050676, 'seed': 202607}]",no_schedule_incumbent,,
偏好极点09,202609,"{'stage': 'route_master', 'status': 0, 'message': 'Optimization terminated successfully. (HiGHS Status 7: Optimal)', 'has_incumbent': True, 'success': True, 'objective': 11.656988342247487, 'lower_bound': 11.656988342247487, 'mip_gap': 0.0, 'nodes': 1, 'capN': None, 'capE': None, 'seed': 202609, 'candidates': 1724, 'accepted': True, 'selected_routes': 20}","[{'stage': 'C', 'status': 2, 'message': 'The problem is infeasible. (HiGHS Status 8: model_status is Infeasible; primal_status is None)', 'has_incumbent': False, 'success': False, 'optimal': False, 'objective': None, 'lower_bound': None, 'mip_gap': None, 'nodes': 0, 'capC': None, 'capL': None, 'variables': 1318, 'constraints': 2960, 'horizon': 81523.36965003323, 'seed': 202609}]",no_schedule_incumbent,,
偏好极点05,202605,"{'stage': 'route_master', 'status': 0, 'message': 'Optimization terminated successfully. (HiGHS Status 7: Optimal)', 'has_incumbent': True, 'success': True, 'objective': 12.439734433095852, 'lower_bound': 12.439734433095852, 'mip_gap': 0.0, 'nodes': 1, 'capN': None, 'capE': None, 'seed': 202605, 'candidates': 1724, 'accepted': True, 'selected_routes': 20}","[{'stage': 'C', 'status': 1, 'message': 'Time limit reached. (HiGHS Status 13: Time limit reached)', 'has_incumbent': True, 'success': False, 'optimal': False, 'objective': 9981.214731886828, 'lower_bound': 2436.1777110992607, 'mip_gap': 0.7559237250635995, 'nodes': 334, 'capC': None, 'capL': None, 'variables': 1318, 'constraints': 2960, 'horizon': 81601.18179050676, 'seed': 202605, 'matrix_residual': 4.547473508864641e-13, 'integer_error': 4.440892098500626e-16, 'accepted': True}, {'stage': 'L', 'status': 1, 'message': 'Time limit reached. (HiGHS Status 13: model_status is Time limit reached; primal_status is None)', 'has_incumbent': False, 'success': False, 'optimal': False, 'objective': None, 'lower_bound': None, 'mip_gap': None, 'nodes': 0, 'capC': 9981.214731886828, 'capL': None, 'variables': 1318, 'constraints': 2961, 'horizon': 81601.18179050676, 'seed': 202606}]",feasible,"{'route_physics': True, 'unique_coverage': True, 'destination': True, 'hard_deadlines': True, 'delivery_rebuild': True, 'uav_nonoverlap': True, 'battery_nonoverlap': True, 'soc': True, 'objective': True, 'all': True}",[]
偏好极点06,202606,"{'stage': 'route_master', 'status': 0, 'message': 'Optimization terminated successfully. (HiGHS Status 7: Optimal)', 'has_incumbent': True, 'success': True, 'objective': 13.640836965673866, 'lower_bound': 13.640836965673866, 'mip_gap': 0.0, 'nodes': 1, 'capN': None, 'capE': None, 'seed': 202606, 'candidates': 1724, 'accepted': True, 'selected_routes': 20}","[{'stage': 'C', 'status': 1, 'message': 'Time limit reached. (HiGHS Status 13: Time limit reached)', 'has_incumbent': True, 'success': False, 'optimal': False, 'objective': 10128.570951389345, 'lower_bound': 2436.1777110992607, 'mip_gap': 0.7594746857388517, 'nodes': 58, 'capC': None, 'capL': None, 'variables': 1318, 'constraints': 2960, 'horizon': 81601.18179050676, 'seed': 202606, 'matrix_residual': 6.821210263296962e-13, 'integer_error': 0.0, 'accepted': True}, {'stage': 'L', 'status': 1, 'message': 'Time limit reached. (HiGHS Status 13: model_status is Time limit reached; primal_status is None)', 'has_incumbent': False, 'success': False, 'optimal': False, 'objective': None, 'lower_bound': None, 'mip_gap': None, 'nodes': 0, 'capC': 10128.570951389345, 'capL': None, 'variables': 1318, 'constraints': 2961, 'horizon': 81601.18179050676, 'seed': 202607}]",feasible,"{'route_physics': True, 'unique_coverage': True, 'destination': True, 'hard_deadlines': True, 'delivery_rebuild': True, 'uav_nonoverlap': True, 'battery_nonoverlap': True, 'soc': True, 'objective': True, 'all': True}",[]
偏好极点08,202608,"{'stage': 'route_master', 'status': 0, 'message': 'Optimization terminated successfully. (HiGHS Status 7: Optimal)', 'has_incumbent': True, 'success': True, 'objective': 11.448042405245626, 'lower_bound': 11.448042405245626, 'mip_gap': 0.0, 'nodes': 1, 'capN': None, 'capE': None, 'seed': 202608, 'candidates': 1724, 'accepted': True, 'selected_routes': 20}","[{'stage': 'C', 'status': 1, 'message': 'Time limit reached. (HiGHS Status 13: Time limit reached)', 'has_incumbent': True, 'success': False, 'optimal': False, 'objective': 10343.584471638422, 'lower_bound': 2436.1777110992607, 'mip_gap': 0.7644745186952226, 'nodes': 446, 'capC': None, 'capL': None, 'variables': 1318, 'constraints': 2960, 'horizon': 81601.18179050676, 'seed': 202608, 'matrix_residual': 2.5011104298755527e-12, 'integer_error': 4.6629367034256575e-15, 'accepted': True}, {'stage': 'L', 'status': 1, 'message': 'Time limit reached. (HiGHS Status 13: model_status is Time limit reached; primal_status is None)', 'has_incumbent': False, 'success': False, 'optimal': False, 'objective': None, 'lower_bound': None, 'mip_gap': None, 'nodes': 0, 'capC': 10343.584471638424, 'capL': None, 'variables': 1318, 'constraints': 2961, 'horizon': 81601.18179050676, 'seed': 202609}]",feasible,"{'route_physics': True, 'unique_coverage': True, 'destination': True, 'hard_deadlines': True, 'delivery_rebuild': True, 'uav_nonoverlap': True, 'battery_nonoverlap': True, 'soc': True, 'objective': True, 'all': True}",[]
偏好极点10,202610,"{'stage': 'route_master', 'status': 0, 'message': 'Optimization terminated successfully. (HiGHS Status 7: Optimal)', 'has_incumbent': True, 'success': True, 'objective': 14.448042405245634, 'lower_bound': 14.448042405245634, 'mip_gap': 0.0, 'nodes': 1, 'capN': None, 'capE': None, 'seed': 202610, 'candidates': 1724, 'accepted': True, 'selected_routes': 20}","[{'stage': 'C', 'status': 1, 'message': 'Time limit reached. (HiGHS Status 13: Time limit reached)', 'has_incumbent': True, 'success': False, 'optimal': False, 'objective': 9751.043481432826, 'lower_bound': 2436.1777110992607, 'mip_gap': 0.7501623579324572, 'nodes': 883, 'capC': None, 'capL': None, 'variables': 1318, 'constraints': 2960, 'horizon': 81601.18179050676, 'seed': 202610, 'matrix_residual': 6.821210263296962e-13, 'integer_error': 1.6653345369377348e-15, 'accepted': True}, {'stage': 'L', 'status': 1, 'message': 'Time limit reached. (HiGHS Status 13: model_status is Time limit reached; primal_status is None)', 'has_incumbent': False, 'success': False, 'optimal': False, 'objective': None, 'lower_bound': None, 'mip_gap': None, 'nodes': 0, 'capC': 9751.043481432826, 'capL': None, 'variables': 1318, 'constraints': 2961, 'horizon': 81601.18179050676, 'seed': 202611}]",feasible,"{'route_physics': True, 'unique_coverage': True, 'destination': True, 'hard_deadlines': True, 'delivery_rebuild': True, 'uav_nonoverlap': True, 'battery_nonoverlap': True, 'soc': True, 'objective': True, 'all': True}",[]
偏好极点11,202601,"{'stage': 'route_master', 'status': 0, 'message': 'Optimization terminated successfully. (HiGHS Status 7: Optimal)', 'has_incumbent': True, 'success': True, 'objective': 9.649144937823646, 'lower_bound': 9.649144937823646, 'mip_gap': 0.0, 'nodes': 1, 'capN': None, 'capE': None, 'seed': 202601, 'candidates': 1724, 'accepted': True, 'selected_routes': 20}","[{'stage': 'C', 'status': 1, 'message': 'Time limit reached. (HiGHS Status 13: Time limit reached)', 'has_incumbent': True, 'success': False, 'optimal': False, 'objective': 9993.544918142503, 'lower_bound': 2436.1777110992607, 'mip_gap': 0.7562248700482078, 'nodes': 422, 'capC': None, 'capL': None, 'variables': 1318, 'constraints': 2960, 'horizon': 81601.18179050676, 'seed': 202601, 'matrix_residual': 1.1641532182693481e-10, 'integer_error': 3.9834802123550617e-13, 'accepted': True}, {'stage': 'L', 'status': 1, 'message': 'Time limit reached. (HiGHS Status 13: model_status is Time limit reached; primal_status is None)', 'has_incumbent': False, 'success': False, 'optimal': False, 'objective': None, 'lower_bound': None, 'mip_gap': None, 'nodes': 0, 'capC': 9993.544918142472, 'capL': None, 'variables': 1318, 'constraints': 2961, 'horizon': 81601.18179050676, 'seed': 202602}]",feasible,"{'route_physics': True, 'unique_coverage': True, 'destination': True, 'hard_deadlines': True, 'delivery_rebuild': True, 'uav_nonoverlap': True, 'battery_nonoverlap': True, 'soc': True, 'objective': True, 'all': True}",[]
偏好极点12,202602,"{'stage': 'route_master', 'status': 0, 'message': 'Optimization terminated successfully. (HiGHS Status 7: Optimal)', 'has_incumbent': True, 'success': True, 'objective': 9.858555442551443, 'lower_bound': 9.858555442551443, 'mip_gap': 0.0, 'nodes': 1, 'capN': None, 'capE': None, 'seed': 202602, 'candidates': 1724, 'accepted': True, 'selected_routes': 20}","[{'stage': 'C', 'status': 1, 'message': 'Time limit reached. (HiGHS Status 13: Time limit reached)', 'has_incumbent': True, 'success': False, 'optimal': False, 'objective': 10030.44593293772, 'lower_bound': 2436.1777110992607, 'mip_gap': 0.7571216945500495, 'nodes': 1075, 'capC': None, 'capL': None, 'variables': 1318, 'constraints': 2960, 'horizon': 81601.18179050676, 'seed': 202602, 'matrix_residual': 6.821210263296962e-13, 'integer_error': 7.216449660063518e-16, 'accepted': True}, {'stage': 'L', 'status': 1, 'message': 'Time limit reached. (HiGHS Status 13: Time limit reached)', 'has_incumbent': True, 'success': False, 'optimal': False, 'objective': 825.7120355098239, 'lower_bound': 0.0, 'mip_gap': 1.0, 'nodes': 240, 'capC': 10030.44593293772, 'capL': None, 'variables': 1318, 'constraints': 2961, 'horizon': 81601.18179050676, 'seed': 202603, 'matrix_residual': 9.992007221626409e-16, 'integer_error': 1.1102230246251565e-15, 'accepted': True}]",feasible,"{'route_physics': True, 'unique_coverage': True, 'destination': True, 'hard_deadlines': True, 'delivery_rebuild': True, 'uav_nonoverlap': True, 'battery_nonoverlap': True, 'soc': True, 'objective': True, 'all': True}",[]
偏好极点13,202603,"{'stage': 'route_master', 'status': 0, 'message': 'Optimization terminated successfully. (HiGHS Status 7: Optimal)', 'has_incumbent': True, 'success': True, 'objective': 10.850247470401662, 'lower_bound': 10.850247470401662, 'mip_gap': 0.0, 'nodes': 1, 'capN': None, 'capE': None, 'seed': 202603, 'candidates': 1724, 'accepted': True, 'selected_routes': 20}","[{'stage': 'C', 'status': 1, 'message': 'Time limit reached. (HiGHS Status 13: Time limit reached)', 'has_incumbent': True, 'success': False, 'optimal': False, 'objective': 10128.322173686412, 'lower_bound': 2436.1777110992607, 'mip_gap': 0.7594687778170702, 'nodes': 212, 'capC': None, 'capL': None, 'variables': 1318, 'constraints': 2960, 'horizon': 81601.18179050676, 'seed': 202603, 'matrix_residual': 4.547473508864641e-13, 'integer_error': 3.661505758776378e-17, 'accepted': True}, {'stage': 'L', 'status': 1, 'message': 'Time limit reached. (HiGHS Status 13: Time limit reached)', 'has_incumbent': True, 'success': False, 'optimal': False, 'objective': 319.7995852167813, 'lower_bound': 0.0, 'mip_gap': 1.0, 'nodes': 1484, 'capC': 10128.322173686412, 'capL': None, 'variables': 1318, 'constraints': 2961, 'horizon': 81601.18179050676, 'seed': 202604, 'matrix_residual': 4.996003610813204e-16, 'integer_error': 7.771561172376096e-16, 'accepted': True}]",feasible,"{'route_physics': True, 'unique_coverage': True, 'destination': True, 'hard_deadlines': True, 'delivery_rebuild': True, 'uav_nonoverlap': True, 'battery_nonoverlap': True, 'soc': True, 'objective': True, 'all': True}",[]
